name,type,district,pincode,address,register,source,verified,active_dates
KSCH New Delhi,Standing site - HPV days,New Delhi,110001,"C-604, Connaught Circus, Bangla Sahib Rd, DIZ Area, Connaught Place, New Delhi",Via U-WIN slot booking,https://uwin.mohfw.gov.in/home,2026-10-02,2026-10-03;2026-10-05;2026-10-10;2026-10-12;2026-10-17;2026-10-19;2026-10-24;2026-10-26;2026-10-31
MCW Centre Reading Road,Standing site - HPV days,New Delhi,110001,"Autowork Shop Building Ground Floor, New Delhi",Via U-WIN slot booking,https://uwin.mohfw.gov.in/home,2026-10-02,2026-10-03;2026-10-05;2026-10-06;2026-10-07;2026-10-08;2026-10-09;2026-10-10;2026-10-12;2026-10-13;2026-10-14;2026-10-15;2026-10-16;2026-10-22;2026-10-23;2026-10-24
MCWC Babar Road,Standing site - HPV days,New Delhi,110001,"48 Medical Centre Babar Road, New Delhi",Via U-WIN slot booking,https://uwin.mohfw.gov.in/home,2026-10-02,2026-10-03;2026-10-05;2026-10-06;2026-10-07;2026-10-08;2026-10-09;2026-10-10;2026-10-12;2026-10-13;2026-10-14;2026-10-15;2026-10-16;2026-10-17;2026-10-19;2026-10-21;2026-10-22;2026-10-23;2026-10-24;2026-10-27;2026-10-28;2026-10-29;2026-10-30;2026-10-31;2026-11-02;2026-11-03;2026-11-04;2026-11-05
CGHS Telegraph Lane,Standing site - HPV days,New Delhi,110001,"19 B Harish Chandra Mathur Lane, New Delhi",Via U-WIN slot booking,https://uwin.mohfw.gov.in/home,2026-10-02,2026-10-13;2026-10-15;2026-10-20;2026-10-22;2026-10-27;2026-10-29
MCWC Shishu Kalyan Kendra,Standing site - HPV days,New Delhi,110001,"37 Shaheed Bhagat Singh Marg, NDMC Polyclinic, New Delhi",Via U-WIN slot booking,https://uwin.mohfw.gov.in/home,2026-10-02,2026-10-03;2026-10-05
RML Children OPD,Standing site - no HPV sessions seen,New Delhi,110001,"Dr Ram Manohar Lohia Hospital, Baba Kharak Singh Marg, Connaught Place, New Delhi",Via U-WIN slot booking,https://uwin.mohfw.gov.in/home,2026-10-02,
Blind School,Standing site - no HPV sessions seen,New Delhi,110001,"Blind School, Panchkuian Road, New Delhi",Via U-WIN slot booking,https://uwin.mohfw.gov.in/home,2026-10-02,
95 Dairy Jhuggi,Standing site - no HPV sessions seen,New Delhi,110001,"95 Dairy Jhuggi, Gole Market, New Delhi",Via U-WIN slot booking,https://uwin.mohfw.gov.in/home,2026-10-02,
GLM Hospital,Standing site - HPV days,Central Delhi,110002,"Mrs. Girdhar Lal Maternity Hospital 2nd Floor Children OPD, Central Delhi",Via U-WIN slot booking,https://uwin.mohfw.gov.in/home,2026-10-02,2026-10-03;2026-10-05;2026-10-06;2026-10-07;2026-10-08;2026-10-09;2026-10-10;2026-10-12;2026-10-13;2026-10-14;2026-10-15;2026-10-16
LNH Peads OPD 5th Floor,Standing site - HPV days,Central Delhi,110002,"Room No 505 5th Floor Child OPD, Lok Nayak Hospital, Central Delhi",Via U-WIN slot booking,https://uwin.mohfw.gov.in/home,2026-10-02,2026-10-03;2026-10-05;2026-10-06;2026-10-07;2026-10-08;2026-10-09;2026-10-10;2026-10-12;2026-10-13;2026-10-14;2026-10-15;2026-10-16;2026-10-17;2026-10-19;2026-10-21;2026-10-22;2026-10-23;2026-10-24;2026-10-27;2026-10-28;2026-10-29;2026-10-30;2026-10-31
MCW Naughera PHC 1295 Rakab,Standing site - HPV days,Central Delhi,110002,"MCW Centre Naughera, 1295 Rakab Ganj, behind Delite Cinema, Central Delhi",Via U-WIN slot booking,https://uwin.mohfw.gov.in/home,2026-10-02,2026-10-03;2026-10-05;2026-10-06;2026-10-07;2026-10-08;2026-10-09;2026-10-10;2026-10-12;2026-10-13;2026-10-14;2026-10-15;2026-10-16;2026-10-17;2026-10-19;2026-10-21;2026-10-22;2026-10-23;2026-10-24;2026-10-27;2026-10-28;2026-10-29;2026-10-30;2026-10-31
AWW No 105 LNJP Colony,Standing site - no HPV sessions seen,Central Delhi,110002,"AWW No 105 LNJP Colony, Central Delhi",Via U-WIN slot booking,https://uwin.mohfw.gov.in/home,2026-10-02,
CGHS WC Dr. Zakir Hussain Road,Standing site - HPV days (partial data),South East Delhi,110003,"CGHS WC, Dr. Zakir Hussain Road, New Delhi",Via U-WIN slot booking,https://uwin.mohfw.gov.in/home,2026-10-02,2026-10-06;2026-10-08;2026-10-13;2026-10-15
CGHS WC Kasturba Nagar 1,Standing site - HPV days (partial data),South East Delhi,110003,"CGHS WC Kasturba Nagar, South East Delhi",Via U-WIN slot booking,https://uwin.mohfw.gov.in/home,2026-10-02,2026-10-07
CGHS WC Lodhi Road II,Standing site - HPV days,South East Delhi,110003,"Block 4, Lodhi Colony, New Delhi",Via U-WIN slot booking,https://uwin.mohfw.gov.in/home,2026-10-02,2026-10-07;2026-10-09;2026-10-14;2026-10-16;2026-10-21;2026-10-23;2026-10-28;2026-10-30
MCWC Golf Link NDMC New Delhi,Standing site - HPV days,South East Delhi,110003,"213, First Floor, Health Complex Golf Link NDMC, New Delhi",Via U-WIN slot booking,https://uwin.mohfw.gov.in/home,2026-10-02,2026-10-03;2026-10-05;2026-10-06;2026-10-07;2026-10-08;2026-10-09;2026-10-10;2026-10-12;2026-10-13;2026-10-14;2026-10-15;2026-10-16;2026-10-17;2026-10-19;2026-10-21;2026-10-22;2026-10-23;2026-10-24;2026-10-27;2026-10-28;2026-10-29;2026-10-30;2026-10-31
Palika Maternity Hospital,Standing site - no HPV sessions seen (UIP only),South East Delhi,110003,"Palika Maternity Hospital, South East Delhi",Via U-WIN slot booking,https://uwin.mohfw.gov.in/home,2026-10-02,
Palika Maternity Hospital HPV,Standing site - HPV days (separate U-WIN listing from the UIP site at same address),South East Delhi,110003,"Palika Maternity Hospital, South East Delhi",Via U-WIN slot booking,https://uwin.mohfw.gov.in/home,2026-10-02,2026-10-03;2026-10-05;2026-10-06;2026-10-07;2026-10-08;2026-10-09;2026-10-10;2026-10-12;2026-10-13;2026-10-14;2026-10-15;2026-10-16;2026-10-17;2026-10-19;2026-10-21;2026-10-22;2026-10-23;2026-10-24;2026-10-27;2026-10-28;2026-10-29;2026-10-30
Race Course Mandir and Maszid,Standing site - no HPV sessions seen,South East Delhi,110003,"Race Course Mandir, New Delhi",Via U-WIN slot booking,https://uwin.mohfw.gov.in/home,2026-10-02,
MCW Model Basti,Standing site - HPV days (Oct22-24 inferred from an unlabeled screenshot - verify),Central Delhi,110005,"28 Model Basti, Central Delhi",Via U-WIN slot booking,https://uwin.mohfw.gov.in/home,2026-10-02,2026-10-03;2026-10-05;2026-10-06;2026-10-07;2026-10-08;2026-10-09;2026-10-10;2026-10-12;2026-10-13;2026-10-14;2026-10-15;2026-10-16;2026-10-17;2026-10-19;2026-10-21;2026-10-22;2026-10-23;2026-10-24;2026-10-27;2026-10-28;2026-10-29;2026-10-30;2026-10-31
16/616 H S Road,Standing site - no HPV sessions seen,Central Delhi,110005,"16/616 H S Road, Central Delhi",Via U-WIN slot booking,https://uwin.mohfw.gov.in/home,2026-10-02,
AW No 104 Buadh Mandir,Standing site - no HPV sessions seen,Central Delhi,110005,"Buadh Mandir Block No 4, Dev Nagar, Central Delhi",Via U-WIN slot booking,https://uwin.mohfw.gov.in/home,2026-10-02,
MCW Naiwalan,Standing site - no HPV sessions seen,Central Delhi,110005,"1630 33 Naiwalan, Karol Bagh, Central Delhi",Via U-WIN slot booking,https://uwin.mohfw.gov.in/home,2026-10-02,
Shiv Mandir Chhaparwala Jhuggi,Standing site - no HPV sessions seen (partial data),Central Delhi,110005,"Shiv Mandir Chhaparwala Jhuggi, Central Delhi",Via U-WIN slot booking,https://uwin.mohfw.gov.in/home,2026-10-02,
I PL Road Shiv Mandir,Standing site - no HPV sessions seen,Central Delhi,110005,"16322 I PL Road AW No 34 Mandir, Central Delhi",Via U-WIN slot booking,https://uwin.mohfw.gov.in/home,2026-10-02,
Sarai Rohilla Liberty Juggi101,Standing site - no HPV sessions seen (partial data),Central Delhi,110005,"Sarai Rohilla Liberty Juggi 101, Central Delhi",Via U-WIN slot booking,https://uwin.mohfw.gov.in/home,2026-10-02,
Naiwalan Gali No 44,Standing site - no HPV sessions seen (partial data),Central Delhi,110005,"Naiwalan Gali No 44, Central Delhi",Via U-WIN slot booking,https://uwin.mohfw.gov.in/home,2026-10-02,
DGD Ballimaran,Standing site - HPV days,Central Delhi,110006,"1404 Gali Qassim Jan, Chandni Chowk Ballimaran, Central Delhi",Via U-WIN slot booking,https://uwin.mohfw.gov.in/home,2026-10-02,2026-10-05;2026-10-06;2026-10-07;2026-10-08;2026-10-09;2026-10-10;2026-10-12;2026-10-13;2026-10-14;2026-10-15;2026-10-16;2026-10-17;2026-10-19;2026-10-21;2026-10-22;2026-10-23;2026-10-24;2026-10-27;2026-10-28;2026-10-29;2026-10-30;2026-10-31
DGD Pul Bangash PHC,Standing site - HPV days,Central Delhi,110006,"9219 Tokri Walan Nawab Ganj Tokri Walan, Central Delhi",Via U-WIN slot booking,https://uwin.mohfw.gov.in/home,2026-10-02,2026-10-05;2026-10-06;2026-10-07;2026-10-08;2026-10-09;2026-10-10;2026-10-12;2026-10-13;2026-10-14;2026-10-15;2026-10-16;2026-10-17;2026-10-19;2026-10-21;2026-10-22;2026-10-23;2026-10-24;2026-10-27;2026-10-28;2026-10-29;2026-10-30;2026-10-31
UAAM (SC) Pahari Dheeraj,Standing site - HPV days,Central Delhi,110006,"Bhiku Ram Gali, Gal Mandir Wali, Central Delhi",Via U-WIN slot booking,https://uwin.mohfw.gov.in/home,2026-10-02,2026-10-05;2026-10-06;2026-10-07;2026-10-08;2026-10-09;2026-10-10;2026-10-12;2026-10-13;2026-10-14;2026-10-15;2026-10-16;2026-10-17;2026-10-19;2026-10-21;2026-10-22;2026-10-23;2026-10-24;2026-10-27;2026-10-28;2026-10-29;2026-10-30;2026-10-31
DGD Suiwalan PHC,Standing site - HPV days (large gaps - site not visible in several screenshot windows),Central Delhi,110006,"758 Gali Wakil Wali, Suiwalan, Central Delhi",Via U-WIN slot booking,https://uwin.mohfw.gov.in/home,2026-10-02,2026-10-05;2026-10-06;2026-10-07;2026-10-08;2026-10-09;2026-10-10;2026-10-14;2026-10-15;2026-10-19;2026-10-29;2026-10-30;2026-10-31
AAM Ajmeri Gate 4528,Standing site - HPV days (only one window captured; site not seen in later screenshots),Central Delhi,110006,"DGD Ajmeri Gate Gali Shahtara 4528, Central Delhi",Via U-WIN slot booking,https://uwin.mohfw.gov.in/home,2026-10-02,2026-10-04
Lady Reading Health School MCH Centre,Standing site - no HPV sessions seen,Central Delhi,110006,"Lady Reading Health School MCH Centre, Bara Hindu Rao, Central Delhi",Via U-WIN slot booking,https://uwin.mohfw.gov.in/home,2026-10-02,
Northern Railway Div Hospital,Standing site - no HPV sessions seen (partial data),Central Delhi,110006,"Shyama Parsad Murkherji Marg, Central Delhi",Via U-WIN slot booking,https://uwin.mohfw.gov.in/home,2026-10-02,
MCW Katra Neel Centre PHC,Standing site - no HPV sessions seen (partial data),Central Delhi,110006,"MCW Centre Katra Neel, Shanti Desai Marg, Central Delhi",Via U-WIN slot booking,https://uwin.mohfw.gov.in/home,2026-10-02,
Delhi Gate Health Center,Standing site - no HPV sessions seen (partial data),Central Delhi,110006,"267 69 X Gunna Misar Delhi Gate, Central Delhi",Via U-WIN slot booking,https://uwin.mohfw.gov.in/home,2026-10-02,
UAAM (SC) Pahari Dheeraj - Mahabir Gali,Standing site - no HPV sessions seen (partial data; separate listing from the main Pahari Dheeraj site),Central Delhi,110006,"Mahabir Gali, Central Delhi",Via U-WIN slot booking,https://uwin.mohfw.gov.in/home,2026-10-02,
MCD Primary School,Standing site - no HPV sessions seen (partial data),Central Delhi,110006,"MCD Primary School, Bara Hindu Rao, Central Delhi",Via U-WIN slot booking,https://uwin.mohfw.gov.in/home,2026-10-02,
Meim Ki Kothi,Standing site - no HPV sessions seen (partial data; separate listing from the main Pahari Dheeraj site),Central Delhi,110006,"Meim Ki Kothi, Central Delhi",Via U-WIN slot booking,https://uwin.mohfw.gov.in/home,2026-10-02,
DGD Gurmandi,Standing site - HPV days (only Oct4-13 captured so far),North Delhi,110007,"Rajpura Gurmandi, Delhi-110007, North Delhi",Via U-WIN slot booking,https://uwin.mohfw.gov.in/home,2026-10-04,2026-10-05;2026-10-06;2026-10-07;2026-10-08;2026-10-09;2026-10-10;2026-10-12;2026-10-13
DGD Sangampark Center,Standing site - HPV days (only Oct4-13 captured so far),North West Delhi,110007,"DGD Sangampark, North West Delhi",Via U-WIN slot booking,https://uwin.mohfw.gov.in/home,2026-10-04,2026-10-05;2026-10-06;2026-10-07;2026-10-08;2026-10-09;2026-10-10
Hindu Rao Hospital,Standing site - HPV days (only Oct4-13 captured so far),Central Delhi,110007,"Peads OPD, OPD Building, Room No 226, 2nd Floor, Central Delhi",Via U-WIN slot booking,https://uwin.mohfw.gov.in/home,2026-10-04,2026-10-05;2026-10-06;2026-10-07;2026-10-08;2026-10-09;2026-10-10;2026-10-12;2026-10-13
MCW Ghanta Ghar,Standing site - HPV days (only Oct4-13 captured so far),Central Delhi,110007,"923 MCW Ghanta Ghar, Central Delhi",Via U-WIN slot booking,https://uwin.mohfw.gov.in/home,2026-10-04,2026-10-09
PUHC,Standing site - HPV days (partial data; address not fully captured),Central Delhi,110007,Address not fully captured in screenshot,Via U-WIN slot booking,https://uwin.mohfw.gov.in/home,2026-10-04,2026-10-10
MCW Bagh Kare Khan,Standing site - no HPV sessions seen (only Oct4-13 captured so far),Central Delhi,110007,"MCW Bagh Kare Khan, Opp MCD Primary School, Central Delhi",Via U-WIN slot booking,https://uwin.mohfw.gov.in/home,2026-10-04,
MCW Shakti Nagar,Standing site - no HPV sessions seen (only Oct4-13 captured so far),Central Delhi,110007,"15-5 Shakti Nagar, Delhi 110007, Central Delhi",Via U-WIN slot booking,https://uwin.mohfw.gov.in/home,2026-10-04,
AYAM Baljeetnagar HPV Campaign,Standing site - HPV days (only Oct9-13 window captured),West Delhi,110008,"T-215 Baljeet Nagar, Delhi-110008, West Delhi",Via U-WIN slot booking,https://uwin.mohfw.gov.in/home,2026-10-04,2026-10-09;2026-10-10
CGHS West Patel Nagar HPV,Standing site - HPV days (separate U-WIN listing from the UIP-only site at same address; big gap Oct14-23 not yet captured),West Delhi,110008,"CGHS West Patel Nagar, West Delhi",Via U-WIN slot booking,https://uwin.mohfw.gov.in/home,2026-10-04,2026-10-10;2026-10-26
CGHS West Patel Nagar,Standing site - no HPV sessions seen (UIP only; separate from the HPV listing at same address),West Delhi,110008,"15-23 Patel Nagar, West Delhi",Via U-WIN slot booking,https://uwin.mohfw.gov.in/home,2026-10-04,
MCW Centre Ranjeet Nagar,Standing site - no HPV sessions seen (partial data),West Delhi,110008,"106-110 DDA Flat Ranjeet Nagar, West Delhi",Via U-WIN slot booking,https://uwin.mohfw.gov.in/home,2026-10-04,
S.V.B.P. Hospital,Standing site - no HPV sessions seen (partial data),West Delhi,110008,"Sardar Vallabh Bhai Patel Hospital (Pahari Wala Hospital), Patel Nagar, West Delhi",Via U-WIN slot booking,https://uwin.mohfw.gov.in/home,2026-10-04,
DGD Model Town HPV Vaccine,Standing site - HPV days,North Delhi,110009,"Model Town, North Delhi",Via U-WIN slot booking,https://uwin.mohfw.gov.in/home,2026-10-04,2026-10-05;2026-10-06;2026-10-07;2026-10-08;2026-10-09;2026-10-10;2026-10-12;2026-10-13;2026-10-14;2026-10-15;2026-10-16;2026-10-17;2026-10-19;2026-10-21;2026-10-22;2026-10-23;2026-10-24;2026-10-26;2026-10-27;2026-10-28;2026-10-30;2026-10-31
CGHS WC Kingsway Camp HPV,Standing site - HPV days (only Oct4-13 captured; not seen in later windows),North Delhi,110009,"CGHS WC Kingsway Camp, Gate No 3, New Police Line, GTB Nagar, North Delhi",Via U-WIN slot booking,https://uwin.mohfw.gov.in/home,2026-10-04,2026-10-05;2026-10-06;2026-10-07;2026-10-08;2026-10-09;2026-10-10
DGD Model Town,Standing site - no HPV sessions seen (UIP only; separate from the HPV Vaccine listing at same facility),North Delhi,110009,"F1-F3 DGD Model Town Administration Officer Flat, Model Town 1st, North Delhi",Via U-WIN slot booking,https://uwin.mohfw.gov.in/home,2026-10-04,
CGHS WC Kingsway Camp,Standing site - no HPV sessions seen (UIP only; separate from the HPV listing at same address),North Delhi,110009,"CGHS Dispensary Gate No 03 New Police Line, Kingsway Camp, North Delhi",Via U-WIN slot booking,https://uwin.mohfw.gov.in/home,2026-10-04,
MCW Bhai Parmanand Colony,Standing site - no HPV sessions seen,North Delhi,110009,"Ward No.2, MVID Hospital, Dhakka, North Delhi",Via U-WIN slot booking,https://uwin.mohfw.gov.in/home,2026-10-04,
CGHS WC Delhi Cantt D-3,"Standing site - HPV days (roughly weekly, not daily; big gap Oct9-18 not yet captured)",New Delhi,110010,"CGHS WC Delhi Cantt D-3, Sadar Bazar, Delhi Cantt, New Delhi",Via U-WIN slot booking,https://uwin.mohfw.gov.in/home,2026-10-04,2026-10-07;2026-10-21;2026-10-23;2026-10-28;2026-10-30
Delhi Cantt General Hospital CHC,Standing site - no HPV sessions seen (Pregnant Women and UIP only),New Delhi,110010,"Delhi Cantonment Board General Hospital, Delhi Cantt, New Delhi",Via U-WIN slot booking,https://uwin.mohfw.gov.in/home,2026-10-04,
FWC Air Force Station Palam,Standing site - no HPV sessions seen (UIP only),New Delhi,110010,"Air Force Station Palam, New Delhi",Via U-WIN slot booking,https://uwin.mohfw.gov.in/home,2026-10-04,
CGHS Inderpuri,Standing site - HPV days (roughly weekly; gap Oct9-13 not yet captured),New Delhi,110012,"Flat No 647-648 Krishi Kunj Inderpuri, New Delhi",Via U-WIN slot booking,https://uwin.mohfw.gov.in/home,2026-10-04,2026-10-07;2026-10-14;2026-10-15;2026-10-16;2026-10-17;2026-10-21;2026-10-23;2026-10-28;2026-10-30
DGD Inderpuri,Standing site - no HPV sessions seen (UIP only),New Delhi,110012,"AW No. 122 Todapur Village, New Delhi",Via U-WIN slot booking,https://uwin.mohfw.gov.in/home,2026-10-04,
AW No. 36 Dasghara Kalpana,Standing site - no HPV sessions seen (partial data),New Delhi,110012,"AW No. 36 Dasghara Lalita, New Delhi",Via U-WIN slot booking,https://uwin.mohfw.gov.in/home,2026-10-04,
AW-9 / A Block Budh Nagar,Standing site - no HPV sessions seen (partial data),New Delhi,110012,"C Block / A.W.3 A Block Budhnagar, New Delhi",Via U-WIN slot booking,https://uwin.mohfw.gov.in/home,2026-10-04,
DGD Sarai Kale Khan,Standing site - HPV days,South East Delhi,110013,"69A-76, DDA Flats Sarai Kale Khan Delhi Govt. Dispensary, South East Delhi",Via U-WIN slot booking,https://uwin.mohfw.gov.in/home,2026-10-04,2026-10-05;2026-10-06;2026-10-07;2026-10-08;2026-10-09;2026-10-10;2026-10-12;2026-10-13;2026-10-14;2026-10-15;2026-10-16;2026-10-17;2026-10-19;2026-10-21;2026-10-22;2026-10-23;2026-10-24;2026-10-27;2026-10-28;2026-10-29;2026-10-30;2026-10-31
AW-58 Bawali Nizam Ngr BNZ,Standing site - no HPV sessions seen (partial data),South East Delhi,110013,"Basti Nizamuddin, South East Delhi",Via U-WIN slot booking,https://uwin.mohfw.gov.in/home,2026-10-04,
AW. 76 Sarai Kale Khan,Standing site - no HPV sessions seen (partial data),South East Delhi,110013,"A.W. 76 Biryani Chowk Sarai Kale Khan, South East Delhi",Via U-WIN slot booking,https://uwin.mohfw.gov.in/home,2026-10-04,
AW-55 Kot Basti Nizamuddin,Standing site - no HPV sessions seen (partial data),South East Delhi,110013,"Kot Mohalla Basti Nizamuddin, South East Delhi",Via U-WIN slot booking,https://uwin.mohfw.gov.in/home,2026-10-04,
Acharya Bhikshu Hospital HPV,Standing site - HPV days (only Oct24-Nov2 captured; gap Oct1-23 not yet sent),West Delhi,110015,"Moti Nagar Delhi, West Delhi",Via U-WIN slot booking,https://uwin.mohfw.gov.in/home,2026-10-04,2026-10-29;2026-10-30;2026-10-31
MCW Kirti Nagar,Standing site - HPV days (only Oct24-Nov2 captured),West Delhi,110015,"MCW Kirti Nagar, West Delhi",Via U-WIN slot booking,https://uwin.mohfw.gov.in/home,2026-10-04,2026-10-28;2026-10-30
Acharya Bhikshu Govt. Hospital,Standing site - no HPV sessions seen (UIP only; separate from the HPV listing at same facility),West Delhi,110015,"Acharya Shree Bhikshu Govt. Hospital, Moti Nagar, West Delhi",Via U-WIN slot booking,https://uwin.mohfw.gov.in/home,2026-10-04,
ESI Nia I Karampura,Standing site - no HPV sessions seen (partial data),West Delhi,110015,"NIA-I Karampura, Near Moti Nagar Police Station, West Delhi",Via U-WIN slot booking,https://uwin.mohfw.gov.in/home,2026-10-04,
MCW New Moti Nagar,Standing site - no HPV sessions seen (Pregnant Women and UIP only),West Delhi,110015,"New Moti Nagar, West Delhi",Via U-WIN slot booking,https://uwin.mohfw.gov.in/home,2026-10-04,
PT MMM Hospital Pediatric OPD,Standing site - HPV days,South Delhi,110017,"Khirki Extension, Malviya Nagar, New Delhi (Pt. Madan Mohan Malviya Hospital)",Via U-WIN slot booking,https://uwin.mohfw.gov.in/home,2026-10-04,2026-10-05;2026-10-06;2026-10-07;2026-10-08;2026-10-09;2026-10-10;2026-10-12;2026-10-13;2026-10-14;2026-10-15;2026-10-16;2026-10-17;2026-10-19;2026-10-21;2026-10-22;2026-10-23;2026-10-24;2026-10-27;2026-10-28;2026-10-29;2026-10-30;2026-10-31;2026-11-02;2026-11-03;2026-11-04;2026-11-05;2026-11-06;2026-11-07;2026-11-09;2026-11-10;2026-11-11;2026-11-12;2026-11-13;2026-11-14;2026-11-16;2026-11-17;2026-11-18;2026-11-19;2026-11-20;2026-11-21;2026-11-23;2026-11-25;2026-11-26;2026-11-27;2026-11-28;2026-11-30
CGHS Vikas Puri,Standing site - HPV days (Wed/Fri pattern; only Oct4-Nov2 captured),South West Delhi,110018,"F Block CGHS Vikas Puri, South West Delhi (CGHS Vikaspuri PHC)",Via U-WIN slot booking,https://uwin.mohfw.gov.in/home,2026-10-04,2026-10-07;2026-10-09;2026-10-14;2026-10-16;2026-10-21;2026-10-23;2026-10-28;2026-10-30
DGD Chowkhandi,Standing site - no HPV sessions seen (UIP only),West Delhi,110018,"B Block Budh Bazaar Road, Chowkhandi, West Delhi",Via U-WIN slot booking,https://uwin.mohfw.gov.in/home,2026-10-04,
DGD Khyala,Standing site - no HPV sessions seen (UIP only; partial data),West Delhi,110018,"DGD Khyala PHC, West Delhi (address not fully captured)",Via U-WIN slot booking,https://uwin.mohfw.gov.in/home,2026-10-04,
Community Center AWC 72/74/75,Standing site - no HPV sessions seen (UIP only; partial data),West Delhi,110018,"Community Center AWC 72-74-75, Polyclinic Tilak Vihar PHC, West Delhi",Via U-WIN slot booking,https://uwin.mohfw.gov.in/home,2026-10-04,
CGHS Tilak Nagar,Standing site - no HPV sessions seen (UIP only; only Oct29-Nov2 captured),West Delhi,110018,"CGHS Dispensary Tilak Nagar, Near Subzi Mandi, Tilak Nagar, West Delhi",Via U-WIN slot booking,https://uwin.mohfw.gov.in/home,2026-10-04,
ESI Hospital Okhla Ph 1,Standing site - HPV days (only Oct4-Nov17 captured),South East Delhi,110020,"ESIC Hospital Okhla Phase 1, South East Delhi (ESI Hospital Okhla Phase 1 DH)",Via U-WIN slot booking,https://uwin.mohfw.gov.in/home,2026-10-04,2026-10-06;2026-10-08;2026-10-13;2026-10-15;2026-10-22;2026-10-27;2026-10-29;2026-11-03;2026-11-05;2026-11-10;2026-11-12;2026-11-17
SPUHC Tehkhand HPV,Standing site - HPV days (separate U-WIN listing from the UIP site at same facility; gap Oct19-23 and after Oct31 not yet captured),South East Delhi,110020,"Tehkhand, South East Delhi (SPUHC Tehkhand PHC)",Via U-WIN slot booking,https://uwin.mohfw.gov.in/home,2026-10-04,2026-10-06;2026-10-07;2026-10-08;2026-10-09;2026-10-13;2026-10-14;2026-10-15;2026-10-16;2026-10-27;2026-10-28;2026-10-29;2026-10-30
SPUHC Tehkhand,Standing site - no HPV sessions seen (UIP only; separate from the HPV listing at same facility),South East Delhi,110020,"Allha Mohalla, Tehkhand, South East Delhi (SPUHC Tehkhand PHC)",Via U-WIN slot booking,https://uwin.mohfw.gov.in/home,2026-10-04,
AW No. 72 Allaha Mohalla,Standing site - no HPV sessions seen (UIP only; partial data),South East Delhi,110020,"Allaha Mohalla Tehkhand, South East Delhi (SPUHC Tehkhand PHC)",Via U-WIN slot booking,https://uwin.mohfw.gov.in/home,2026-10-04,
MCW Centre Dharam Marg NDMC,Standing site - HPV days (only Oct19-Nov2 captured),New Delhi,110021,"MCW Dharam Marg, Palika Health Complex, NDMC, New Delhi (MCW Centre Palika Health Complex NDMC PHC)",Via U-WIN slot booking,https://uwin.mohfw.gov.in/home,2026-10-04,2026-10-19;2026-10-21;2026-10-22;2026-10-23;2026-10-24;2026-10-27;2026-10-28;2026-10-29;2026-10-30;2026-10-31
MCW Moti Bagh NDMC,Standing site - HPV days (only Oct19-Nov2 captured),New Delhi,110021,"MCW Moti Bagh NDMC, New Delhi (NDMC Moti Bagh PHC)",Via U-WIN slot booking,https://uwin.mohfw.gov.in/home,2026-10-04,2026-10-19;2026-10-21;2026-10-22;2026-10-23;2026-10-24;2026-10-26;2026-10-27;2026-10-28;2026-10-29;2026-10-30;2026-10-31
MCW Motibagh (Nanak Pura),Standing site - HPV days (only Oct24-Nov2 captured),New Delhi,110021,"I-87 Nanak Pura, New Delhi (MCW Moti Bagh PHC)",Via U-WIN slot booking,https://uwin.mohfw.gov.in/home,2026-10-04,2026-10-24;2026-10-27;2026-10-28;2026-10-29;2026-10-30;2026-10-31
CGHS R K Puram Sector 8,Standing site - HPV days (Wed/Fri pattern; only Oct4-Nov2 captured),New Delhi,110022,"CGHS R K Puram Sector 8, New Delhi (CGHS Dispensary Sec 8 RK Puram PHC)",Via U-WIN slot booking,https://uwin.mohfw.gov.in/home,2026-10-04,2026-10-07;2026-10-09;2026-10-14;2026-10-16;2026-10-21;2026-10-23;2026-10-28;2026-10-30
MCW Centre RK Puram,Standing site - no HPV sessions seen (UIP only),New Delhi,110022,"825, Sec-1 RK Puram, New Delhi (MCW R K Puram PHC)",Via U-WIN slot booking,https://uwin.mohfw.gov.in/home,2026-10-04,
CGHS WC East Kidwai Nagar,Standing site - HPV days (Wed/Fri pattern; only Oct4-Nov2 captured),South East Delhi,110023,"Second Floor, Local Shopping Complex, East Kidwai Nagar, South East Delhi (CGHS Kidwai Nagar PHC)",Via U-WIN slot booking,https://uwin.mohfw.gov.in/home,2026-10-04,2026-10-07;2026-10-09;2026-10-14;2026-10-16;2026-10-21;2026-10-23;2026-10-28;2026-10-30
MCWC Kidwai Nagar,Standing site - HPV days (only Oct4-Nov2 captured),New Delhi,110023,"MCWC Kidwai Nagar, New Delhi (MCW Kidwai Nagar NDMC PHC)",Via U-WIN slot booking,https://uwin.mohfw.gov.in/home,2026-10-04,2026-10-07;2026-10-09;2026-10-10;2026-10-14;2026-10-16;2026-10-17;2026-10-21;2026-10-23;2026-10-24;2026-10-28;2026-10-30;2026-10-31
CGHS Laxmi Bai Nagar D15,Standing site - HPV days (only Oct4-Oct13 captured),New Delhi,110023,"CGHS Laxmi Bai Nagar D15 Dispensary, New Delhi (CGHS Laxmibai Nagar PHC)",Via U-WIN slot booking,https://uwin.mohfw.gov.in/home,2026-10-04,2026-10-07;2026-10-09
MCW Centre Sarojini Nagar,Standing site - no HPV sessions seen (UIP and pregnant women only),New Delhi,110023,"MCW Centre Sarojini Nagar, New Delhi (AAM UPHC Sarojini Nagar NDMC)",Via U-WIN slot booking,https://uwin.mohfw.gov.in/home,2026-10-04,
Kaushik Nala,Standing site - no HPV sessions seen (UIP only; partial data),New Delhi,110023,"Kaushik Nala, New Delhi (MCW Kidwai Nagar NDMC PHC)",Via U-WIN slot booking,https://uwin.mohfw.gov.in/home,2026-10-04,
Pillanji Sarojini Nagar,Standing site - no HPV sessions seen (UIP only; partial data),New Delhi,110023,"Pillanji Sarojini Nagar, New Delhi (AAM UPHC Sarojini Nagar NDMC)",Via U-WIN slot booking,https://uwin.mohfw.gov.in/home,2026-10-04,
Anant Ram Dairy,Standing site - no HPV sessions seen (UIP only; partial data),New Delhi,110023,"Anant Ram Dairy, New Delhi (AAM UPHC Sarojini Nagar NDMC)",Via U-WIN slot booking,https://uwin.mohfw.gov.in/home,2026-10-04,
CGHS W/C Lajpat Nagar,Standing site - HPV days (only Oct14-Oct18 captured),South East Delhi,110024,"CGHS Wellness Centre, C Block, Lajpat Nagar 2, New Delhi (CGHS Lajpat Nagar PHC)",Via U-WIN slot booking,https://uwin.mohfw.gov.in/home,2026-10-04,2026-10-14
MCW Defence Colony,Standing site - no HPV sessions seen (UIP only; only Oct14-Oct18 captured),South East Delhi,110024,"B-Block Defence Colony, South East Delhi (Ayushman Arogya Mandir Defence Colony PHC)",Via U-WIN slot booking,https://uwin.mohfw.gov.in/home,2026-10-04,
MCW Lajpat Nagar Health Center,Standing site - no HPV sessions seen (UIP only; only Oct14-Oct18 captured),South East Delhi,110024,"MCW Lajpat Nagar Health Center, South East Delhi (MCW Lajpat Nagar PHC)",Via U-WIN slot booking,https://uwin.mohfw.gov.in/home,2026-10-04,
MCW Model Basti,Standing site - HPV days (only Oct4-Oct21 captured),Central Delhi,110005,"28 Model Basti, Central Delhi (MCWC Model Basti PHC)",Via U-WIN slot booking,https://uwin.mohfw.gov.in/home,2026-10-04,2026-10-05;2026-10-06;2026-10-07;2026-10-08;2026-10-09;2026-10-10;2026-10-12;2026-10-13;2026-10-14;2026-10-15;2026-10-16;2026-10-17;2026-10-19;2026-10-21
DGHC Kapashera Dispensary,Standing site - HPV days (Mon-Sat; only Oct4-Nov2 captured),South West Delhi,110097,"DGHC Kapashera, South West Delhi (DGD Kapashera)",Via U-WIN slot booking,https://uwin.mohfw.gov.in/home,2026-10-04,2026-10-05;2026-10-06;2026-10-07;2026-10-08;2026-10-09;2026-10-10;2026-10-12;2026-10-13;2026-10-14;2026-10-15;2026-10-16;2026-10-17;2026-10-19;2026-10-21;2026-10-22;2026-10-23;2026-10-24;2026-10-26;2026-10-27;2026-10-28;2026-10-29;2026-10-30;2026-10-31
Immunization SDN Hospital,Standing site - HPV days (only Oct4-Nov7 captured),Shahdara,110095,"Room 310, Pediatrics OPD, 3rd floor, Swami Dayanand Hospital, Shahdara",Via U-WIN slot booking,https://uwin.mohfw.gov.in/home,2026-10-04,2026-10-05;2026-10-06;2026-10-07;2026-10-08;2026-10-09;2026-10-10;2026-10-12;2026-10-13;2026-10-14;2026-10-15;2026-10-16;2026-10-17;2026-10-19;2026-10-21;2026-10-22;2026-10-23;2026-10-24;2026-10-27;2026-10-28;2026-10-29;2026-10-30;2026-10-31;2026-11-02;2026-11-03
MCW Naiwalan,Standing site - no HPV sessions seen (UIP only; partial data),Central Delhi,110005,"1630 33 Naiwalan, Karol Bagh, Central Delhi (MCWC Naiwalan PHC)",Via U-WIN slot booking,https://uwin.mohfw.gov.in/home,2026-10-04,
Shiv Mandir Chhaparwala Jhuggi,Standing site - no HPV sessions seen (UIP only; partial data),Central Delhi,110005,"Shiv Mandir, Chhaparwala Jhuggi, Central Delhi (MCWC Naiwalan PHC)",Via U-WIN slot booking,https://uwin.mohfw.gov.in/home,2026-10-04,
AW No 104 Buadh Mandir,Standing site - no HPV sessions seen (UIP only; partial data),Central Delhi,110005,"Buadh Mandir Block No 4, Dev Nagar, Central Delhi (MCWC Dev Nagar PHC)",Via U-WIN slot booking,https://uwin.mohfw.gov.in/home,2026-10-04,
16/616 H S Road,Standing site - no HPV sessions seen (UIP only; partial data),Central Delhi,110005,"16 616 H S Road, Central Delhi (MCWC Dev Nagar PHC)",Via U-WIN slot booking,https://uwin.mohfw.gov.in/home,2026-10-04,
Sarai Rohilla Liberty Juggi101,Standing site - no HPV sessions seen (UIP only; partial data),Central Delhi,110005,"Sarai Rohilla Liberty Juggi 101, Central Delhi (MCWC Dev Nagar PHC)",Via U-WIN slot booking,https://uwin.mohfw.gov.in/home,2026-10-04,
MCW New Seemapuri Sunder Nagri,"Standing site - HPV days (Mon-Sat; Oct4-Nov2 and Nov13-Dec27 captured, Nov3-12 not captured)",Shahdara,110094,"MCW New Seemapuri, Sunder Nagri, Shahdara",Via U-WIN slot booking,https://uwin.mohfw.gov.in/home,2026-10-04,2026-10-05;2026-10-06;2026-10-07;2026-10-08;2026-10-09;2026-10-10;2026-10-12;2026-10-13;2026-10-14;2026-10-15;2026-10-16;2026-10-17;2026-10-19;2026-10-21;2026-10-22;2026-10-23;2026-10-24;2026-10-26;2026-10-27;2026-10-28;2026-10-29;2026-10-30;2026-10-31;2026-11-02;2026-11-13;2026-11-14;2026-11-16;2026-11-17;2026-11-18;2026-11-19;2026-11-20;2026-11-21;2026-11-23;2026-11-24;2026-11-25;2026-11-26;2026-11-27;2026-11-28;2026-11-30;2026-12-01;2026-12-02;2026-12-03;2026-12-04;2026-12-05;2026-12-07;2026-12-08;2026-12-09;2026-12-10;2026-12-11;2026-12-12;2026-12-14;2026-12-15;2026-12-16;2026-12-17;2026-12-18;2026-12-19;2026-12-21;2026-12-22;2026-12-23;2026-12-24;2026-12-25;2026-12-26
DGD Old Seemapuri,Standing site - HPV days (only Oct4-Oct13 captured),Shahdara,110095,"DGD Old Seemapuri, Shahdara",Via U-WIN slot booking,https://uwin.mohfw.gov.in/home,2026-10-04,2026-10-05;2026-10-06;2026-10-07;2026-10-08;2026-10-09;2026-10-12
GTB Hospital Paeds,Standing site - no HPV sessions seen (UIP only; only Oct4-Nov7 captured),Shahdara,110095,"Department of Pediatrics, GTB Hospital, Dilshad Garden, Shahdara",Via U-WIN slot booking,https://uwin.mohfw.gov.in/home,2026-10-04,
GTB Hospital Gynae ANC OPD,Standing site - no HPV sessions seen (UIP and pregnant women only; only Oct4-Nov7 captured),Shahdara,110095,"GTB Hospital, Dilshad Garden, Shahdara",Via U-WIN slot booking,https://uwin.mohfw.gov.in/home,2026-10-04,
G 105 Old Seemapuri,Standing site - no HPV sessions seen (UIP only; partial data),Shahdara,110095,"G 105 AW 61, Old Seemapuri, Shahdara (DGD Old Seemapuri)",Via U-WIN slot booking,https://uwin.mohfw.gov.in/home,2026-10-04,
Gokulpuri Urban Health Centre,Standing site - no HPV sessions seen (UIP and pregnant women only; Oct9-Nov2 captured),Central Delhi,110094,"A 120 Gali no 4, Ganga Vihar, Gokulpuri (MAMC PSM Department)",Via U-WIN slot booking,https://uwin.mohfw.gov.in/home,2026-10-04,
SPUHC Sri Ram Colony,"Standing site - HPV days (Oct4-28 captured, Oct29-Nov2 not captured; Pregnant Women and UIP also offered)",North East Delhi,110094,"House No 523, Gali No 15, D-Block, Sri Ram Colony, North East Delhi (PUHC Shri Ram Colony)",Via U-WIN slot booking,https://uwin.mohfw.gov.in/home,2026-10-04,2026-10-05;2026-10-06;2026-10-07;2026-10-08;2026-10-09;2026-10-10;2026-10-12;2026-10-13;2026-10-14;2026-10-15;2026-10-16;2026-10-17;2026-10-19;2026-10-21;2026-10-22;2026-10-23;2026-10-24;2026-10-26;2026-10-27;2026-10-28
MCW Karawal Nagar,Standing site - HPV days (Oct4-Nov2 captured; UIP also offered),North East Delhi,110094,"Veer Savarkar Arogya Sansthan, Karawal Nagar, North East Delhi (MCW Centre Karawal Nagar)",Via U-WIN slot booking,https://uwin.mohfw.gov.in/home,2026-10-04,2026-10-05;2026-10-06;2026-10-07;2026-10-08;2026-10-09;2026-10-10;2026-10-12;2026-10-13;2026-10-14;2026-10-15;2026-10-16;2026-10-17;2026-10-19;2026-10-21;2026-10-22;2026-10-23;2026-10-24;2026-10-27;2026-10-28;2026-10-29;2026-10-30;2026-10-31
Aganwadi No 4 Sonia Vihar,Standing site - no HPV sessions seen (UIP only; partial data),North East Delhi,110094,"Gali No 5, A-1 Block Part 1st, Sonia Vihar, North East Delhi (PUHC Sonia Vihar 0 Pusta)",Via U-WIN slot booking,https://uwin.mohfw.gov.in/home,2026-10-04,
Aganwadi No 14 Sonia Vihar,Standing site - no HPV sessions seen (UIP only; partial data),North East Delhi,110094,"Gali No 15, A Block Part 2nd, Sonia Vihar, North East Delhi (PUHC Sonia Vihar 0 Pusta)",Via U-WIN slot booking,https://uwin.mohfw.gov.in/home,2026-10-04,
SPUHC Zakir Nagar HPV,Standing site - HPV days,South East Delhi,110025,"HNO. 342 Gali No. 22 Zakir Nagar, South East Delhi (SPUHC Zakir Nagar PHC)",Via U-WIN slot booking,https://uwin.mohfw.gov.in/home,2026-10-04,2026-10-05;2026-10-06;2026-10-07;2026-10-08;2026-10-09;2026-10-10;2026-10-12;2026-10-13;2026-10-14;2026-10-15;2026-10-16;2026-10-17;2026-10-19;2026-10-21;2026-10-22;2026-10-23;2026-10-24;2026-10-27;2026-10-28;2026-10-29;2026-10-30;2026-10-31
MCW Centre Khizrabad,Standing site - no HPV sessions seen (UIP and Pregnant Women only),South East Delhi,110025,"MCW Centre Khizrabad, South East Delhi (MCW Khizrabad PHC)",Via U-WIN slot booking,https://uwin.mohfw.gov.in/home,2026-10-04,
SPUHC Abul Fazal,Standing site - no HPV sessions seen (UIP and Pregnant Women only; only Oct4-Nov2 captured),South East Delhi,110025,"A-27 Thokar 6, Gali 4, Shaheen Bagh, South East Delhi (SEED PUHC Abul Fazal PHC)",Via U-WIN slot booking,https://uwin.mohfw.gov.in/home,2026-10-04,
Near Masjid Pahari No 1,Standing site - no HPV sessions seen (UIP only; partial data),South East Delhi,110025,"Near Masjid Pahari No 1, South East Delhi (MCW Khizrabad PHC)",Via U-WIN slot booking,https://uwin.mohfw.gov.in/home,2026-10-04,
DGD Batla House,Standing site - no HPV sessions seen (Pregnant Women and UIP only; partial data),South East Delhi,110025,"DGD Batla House, Jamia Nagar, South East Delhi (Ayushman Arogya Mandir Batla House PHC)",Via U-WIN slot booking,https://uwin.mohfw.gov.in/home,2026-10-04,
Pediatric OPD Safdarjung Hospital,Standing site - HPV days (Mon-Sat; UIP also offered),South Delhi,110029,"2nd Floor, OPD Building, Safdarjung Hospital, Ansari Nagar, South Delhi",Via U-WIN slot booking,https://uwin.mohfw.gov.in/home,2026-10-04,2026-10-05;2026-10-06;2026-10-07;2026-10-08;2026-10-09;2026-10-10;2026-10-12;2026-10-13;2026-10-14;2026-10-15;2026-10-16;2026-10-17;2026-10-19;2026-10-21;2026-10-22;2026-10-23;2026-10-24;2026-10-26;2026-10-27;2026-10-28;2026-10-29;2026-10-30;2026-10-31
AIIMS Paed OPD,Standing site - no HPV sessions seen (UIP only),South Delhi,110029,"Sri Aurbindo Marg, Ansari Nagar East, New Delhi, South Delhi (Aiims Paeds DH)",Via U-WIN slot booking,https://uwin.mohfw.gov.in/home,2026-10-04,
Chacha Nehru Bal Chikitsalaya,Standing site - HPV days (only Oct4-Oct23 captured; UIP also offered),East Delhi,110031,"Chacha Nehru Bal Chikitsalaya, Geeta Colony, East Delhi",Via U-WIN slot booking,https://uwin.mohfw.gov.in/home,2026-10-04,2026-10-05;2026-10-06;2026-10-07;2026-10-08;2026-10-09;2026-10-10;2026-10-12;2026-10-13;2026-10-14;2026-10-15;2026-10-16;2026-10-17;2026-10-19
DGD New Lahore Shastri Nagar,Standing site - no HPV sessions seen (UIP only; only Oct4-Oct18 captured),East Delhi,110031,"DGD New Lahore Shastri Nagar PHC, East Delhi",Via U-WIN slot booking,https://uwin.mohfw.gov.in/home,2026-10-04,
MCW Geeta Colony PHC,Standing site - no HPV sessions seen (UIP only; only Oct4-Oct18 captured),East Delhi,110031,"MCW Geeta Colony Block 13, behind House Tax Office, East Delhi",Via U-WIN slot booking,https://uwin.mohfw.gov.in/home,2026-10-04,
AWC No-37,Standing site - no HPV sessions seen (UIP only; partial data),Shahdara,110031,"AWC 37 7599 Gali No-9, Amar Mohalla, Shahdara (Polyclinic Kanti Nagar PHC)",Via U-WIN slot booking,https://uwin.mohfw.gov.in/home,2026-10-04,
CGHS Man Sarover Park PHC,Standing site - HPV days (Oct4-Nov2 captured; UIP also offered some days),Shahdara,110032,"CGHS Man Sarover Park PHC, CGHS Disp No 49, Shahdara",Via U-WIN slot booking,https://uwin.mohfw.gov.in/home,2026-10-04,2026-10-05;2026-10-06;2026-10-07;2026-10-08;2026-10-09;2026-10-10;2026-10-12;2026-10-13;2026-10-14;2026-10-15;2026-10-16;2026-10-17;2026-10-21;2026-10-22;2026-10-23;2026-10-24;2026-10-26;2026-10-27;2026-10-28;2026-10-29;2026-10-30;2026-10-31
DGD Bholanath Nagar,Standing site - no HPV sessions seen (UIP only; Oct4-Nov2 captured),Shahdara,110032,"Tejab Mill, Shahdara (DGD Bholanath Nagar PHC)",Via U-WIN slot booking,https://uwin.mohfw.gov.in/home,2026-10-04,
DGD Mukesh Nagar,Standing site - no HPV sessions seen (UIP only; Oct4-Nov2 captured),Shahdara,110032,"DGD Mukesh Nagar, Shahdara (DGD Mukesh Nagar PHC)",Via U-WIN slot booking,https://uwin.mohfw.gov.in/home,2026-10-04,
Pediatric OPD Room 208 Dr Hedgewar Arogya Sansthan,Standing site - HPV days (Oct4-Nov2 captured; UIP also offered),Shahdara,110032,"Dr Hedgewar Arogya Sansthan, Karkardooma, Shahdara (Doctor Hegdewar Arogya Sansthan DH)",Via U-WIN slot booking,https://uwin.mohfw.gov.in/home,2026-10-04,2026-10-05;2026-10-06;2026-10-07;2026-10-08;2026-10-09;2026-10-10;2026-10-12;2026-10-13;2026-10-14;2026-10-15;2026-10-16;2026-10-17;2026-10-19;2026-10-21;2026-10-22;2026-10-23;2026-10-24;2026-10-27;2026-10-28;2026-10-29;2026-10-30;2026-10-31
SEED PUHC Jheel,Standing site - no HPV sessions seen (UIP only; partial data),Shahdara,110032,"Bake Bihari Temple Charitable Samiti, Jheel Khureji, Shahdara (SPUHC Jheel PHC)",Via U-WIN slot booking,https://uwin.mohfw.gov.in/home,2026-10-04,
BJRM Hospital (HPV Vaccine),Standing site - HPV days (Oct4-Dec27 captured; separate U-WIN listing from the UIP site at same hospital),North Delhi,110033,"E Block, Jahangir Puri, North Delhi (Babu Jagjeevan Ram Memorial Hospital Jahangirpuri)",Via U-WIN slot booking,https://uwin.mohfw.gov.in/home,2026-10-04,2026-10-05;2026-10-06;2026-10-07;2026-10-08;2026-10-09;2026-10-10;2026-10-12;2026-10-13;2026-10-14;2026-10-15;2026-10-16;2026-10-17;2026-10-19;2026-10-21;2026-10-22;2026-10-23;2026-10-24;2026-10-27;2026-10-28;2026-10-29;2026-10-30;2026-10-31;2026-11-02;2026-11-03;2026-11-04;2026-11-05;2026-11-06;2026-11-07;2026-11-09;2026-11-10;2026-11-11;2026-11-12;2026-11-13;2026-11-14;2026-11-16;2026-11-17;2026-11-18;2026-11-19;2026-11-20;2026-11-21;2026-11-23;2026-11-25;2026-11-26;2026-11-27;2026-11-28;2026-11-30;2026-12-01;2026-12-02;2026-12-03;2026-12-04;2026-12-05;2026-12-07;2026-12-08;2026-12-09;2026-12-10;2026-12-11;2026-12-12;2026-12-14;2026-12-15;2026-12-16;2026-12-17;2026-12-18;2026-12-19;2026-12-21;2026-12-22;2026-12-23;2026-12-24;2026-12-26
MCW Centre Azadpur,Standing site - HPV days (only Oct4-13 captured; UIP also offered some days),North Delhi,110033,"E 251 MCD Colony, MCW Centre Azadpur, North Delhi (MCW Azadpur)",Via U-WIN slot booking,https://uwin.mohfw.gov.in/home,2026-10-04,2026-10-05;2026-10-06;2026-10-07;2026-10-08;2026-10-09;2026-10-10
BJRM Hospital,Standing site - no HPV sessions seen (UIP only; separate from the HPV Vaccine listing at same hospital),North Delhi,110033,"Babu Jag Jivan Ram Memorial Hospital, E Block, Jahangirpuri, North Delhi",Via U-WIN slot booking,https://uwin.mohfw.gov.in/home,2026-10-04,
MCW B Block Jahangirpuri,Standing site - no HPV sessions seen (UIP only; partial data),North Delhi,110033,"MCW B Block, Jahangirpuri Mangal Bazar Road, North Delhi (MCW Jahangirpuri B Block)",Via U-WIN slot booking,https://uwin.mohfw.gov.in/home,2026-10-04,
MCW D Block Jahangirpuri,Standing site - no HPV sessions seen (UIP only; partial data),North Delhi,110033,"MCW D Block, Jahangirpuri, North Delhi (MCW Jhangirpuri D Block)",Via U-WIN slot booking,https://uwin.mohfw.gov.in/home,2026-10-04,
MCW Lalbagh,Standing site - no HPV sessions seen (Pregnant Women and UIP only; partial data),North Delhi,110033,"MCW Lalbagh, North Delhi (Ayushman Arogya Mandir Lal Bagh UPHC)",Via U-WIN slot booking,https://uwin.mohfw.gov.in/home,2026-10-04,
DGD B Block J.Puri Dispensary,Standing site - no HPV sessions seen (UIP only; partial data),North Delhi,110033,"DGD B Block Jahangirpuri Dispensary, North Delhi",Via U-WIN slot booking,https://uwin.mohfw.gov.in/home,2026-10-04,
C904 Anganwadi No57 Jahangirpuri,Standing site - no HPV sessions seen (UIP only; partial data),North Delhi,110033,"C904 Anganwadi No 57, Jahangirpuri, North Delhi (MCW Jahangirpuri B Block)",Via U-WIN slot booking,https://uwin.mohfw.gov.in/home,2026-10-04,
C-382 Anganwadi-59 Jahangirpuri,Standing site - no HPV sessions seen (UIP only; partial data),North Delhi,110033,"C-382 Anganwadi-59, Jahangirpuri, North Delhi (MCW Jahangirpuri B Block)",Via U-WIN slot booking,https://uwin.mohfw.gov.in/home,2026-10-04,
C673 Anganwadi No56 Jahangirpuri,Standing site - no HPV sessions seen (UIP only; partial data),North Delhi,110033,"C673 Anganwadi No 56, Jahangirpuri, North Delhi (MCW Jahangirpuri B Block)",Via U-WIN slot booking,https://uwin.mohfw.gov.in/home,2026-10-04,
CD Park Subzimandi Navjyotipark,Standing site - no HPV sessions seen (UIP only; partial data),North Delhi,110033,"CD Park Subzimandi, Navjyotipark, North Delhi (MCW Jahangirpuri B Block)",Via U-WIN slot booking,https://uwin.mohfw.gov.in/home,2026-10-04,
Ciggrete Wala Bagh,Standing site - no HPV sessions seen (UIP only; partial data),North Delhi,110033,"Ciggrete Wala Bagh, North Delhi (UAAM (UPHC) Model Town)",Via U-WIN slot booking,https://uwin.mohfw.gov.in/home,2026-10-04,
Aanganwadi 26 Dilshad Garden,Standing site - no HPV sessions seen (UIP only; only Oct19-23 captured),Shahdara,110032,"Aanganwadi 26, Shahdara (DGD Dilshad Garden)",Via U-WIN slot booking,https://uwin.mohfw.gov.in/home,2026-10-04,
AAPC Pitampura CD Block,Standing site - HPV days (only Oct4-Oct23 captured; UIP also offered some days),North West Delhi,110034,"AAPC Pitampura CD Block, Delhi 110034, North West Delhi (Polyclinic Pitampura CD Block PHC)",Via U-WIN slot booking,https://uwin.mohfw.gov.in/home,2026-10-04,2026-10-05;2026-10-06;2026-10-07;2026-10-08;2026-10-09;2026-10-10;2026-10-12;2026-10-13;2026-10-14;2026-10-15;2026-10-16;2026-10-17;2026-10-19;2026-10-21;2026-10-22;2026-10-23
AAPC Saraswati Vihar,Standing site - HPV days (only Oct4-Oct23 captured; UIP also offered some days),North West Delhi,110034,"AAPC Saraswati Vihar, North West Delhi (DGD Saraswati Vihar PHC)",Via U-WIN slot booking,https://uwin.mohfw.gov.in/home,2026-10-04,2026-10-05;2026-10-06;2026-10-07;2026-10-08;2026-10-09;2026-10-10;2026-10-12;2026-10-13;2026-10-14;2026-10-15;2026-10-16;2026-10-17;2026-10-19;2026-10-21;2026-10-22;2026-10-23
AYAM Shakurpur G Block,Standing site - HPV days (only Oct4-Oct23 captured; UIP also offered some days),North West Delhi,110034,"Maternity Home Shakurpur G Block, North West Delhi (MCW Shakurpur G-Block PHC)",Via U-WIN slot booking,https://uwin.mohfw.gov.in/home,2026-10-04,2026-10-05;2026-10-07;2026-10-08;2026-10-09;2026-10-10;2026-10-12;2026-10-13;2026-10-14;2026-10-15;2026-10-16;2026-10-17;2026-10-19;2026-10-21;2026-10-22;2026-10-23
DGD Shakurpur I Block,Standing site - HPV days (only Oct4-Oct23 captured; UIP also offered some days),North West Delhi,110034,"DGD Shakurpur I Block, North West Delhi (DGD Shakur Pur I Block PHC)",Via U-WIN slot booking,https://uwin.mohfw.gov.in/home,2026-10-04,2026-10-05;2026-10-06;2026-10-07;2026-10-08;2026-10-09;2026-10-10;2026-10-12;2026-10-13;2026-10-14;2026-10-15;2026-10-16;2026-10-17;2026-10-19;2026-10-21;2026-10-22;2026-10-23
BM Hospital Pitampura DH,Standing site - HPV days (only Oct4-13 captured; UIP also offered),North West Delhi,110034,"BM Hospital Pitampura DH, North West Delhi (Bhagwan Mahavir Hospital Pitampura DH)",Via U-WIN slot booking,https://uwin.mohfw.gov.in/home,2026-10-04,2026-10-05;2026-10-06;2026-10-07;2026-10-08;2026-10-09
AYAM PUHC Rani Bagh HPV,Standing site - HPV days (only Oct9-13 captured),North West Delhi,110034,"AYAM Rani Bagh, Shakurbasti, North West Delhi (MCW Rani Bagh PHC)",Via U-WIN slot booking,https://uwin.mohfw.gov.in/home,2026-10-04,2026-10-10
AYAM Shakurpur E Block (MCD),Standing site - no HPV sessions seen (UIP and Pregnant Women only; partial data),North West Delhi,110034,"MCW Shakurpur E Block, North West Delhi (MCW Shakurpur E Block PHC)",Via U-WIN slot booking,https://uwin.mohfw.gov.in/home,2026-10-04,
I-586 Shakurpur,Standing site - no HPV sessions seen (UIP only; partial data),North West Delhi,110034,"I-586 Shakurpur, North West Delhi (DGD Shakur Pur I Block PHC)",Via U-WIN slot booking,https://uwin.mohfw.gov.in/home,2026-10-04,
J-559 Shakurpur,Standing site - no HPV sessions seen (UIP only; partial data; address partly cut off),North West Delhi,110034,"J-559 Shakurpur, North West Delhi (DGD Shakur Pur I Block PHC)",Via U-WIN slot booking,https://uwin.mohfw.gov.in/home,2026-10-04,
K-281 Block Shakurpur,Standing site - no HPV sessions seen (UIP only; partial data),North West Delhi,110034,"K-281 Block Shakurpur, North West Delhi (DGD Shakur Pur I Block PHC)",Via U-WIN slot booking,https://uwin.mohfw.gov.in/home,2026-10-04,
F-107,Standing site - no HPV sessions seen (UIP only; partial data),North West Delhi,110034,"Angadwadi-49, North West Delhi (MCW Shakurpur G-Block PHC)",Via U-WIN slot booking,https://uwin.mohfw.gov.in/home,2026-10-04,
F146,Standing site - no HPV sessions seen (UIP only; partial data),North West Delhi,110034,"F146 Shakurpur, North West Delhi (MCW Shakurpur G-Block PHC)",Via U-WIN slot booking,https://uwin.mohfw.gov.in/home,2026-10-04,
B-Block GP Jugghi,Standing site - no HPV sessions seen (UIP only; partial data),North West Delhi,110034,"B-Block GP Jugghi, North West Delhi (MCW Pitampura PHC)",Via U-WIN slot booking,https://uwin.mohfw.gov.in/home,2026-10-04,
MCW Pitampura Center,Standing site - no HPV sessions seen (UIP only; partial data; address not captured),North West Delhi,110034,Address not fully captured in screenshot (MCW Pitampura Center),Via U-WIN slot booking,https://uwin.mohfw.gov.in/home,2026-10-04,
CGHS Shakur Basti D54,Standing site - no HPV sessions seen (UIP only; partial data),North West Delhi,110034,"CGHS Shakur Basti D54, North West Delhi (CGHS Wellness Centre Shakur Basti PHC)",Via U-WIN slot booking,https://uwin.mohfw.gov.in/home,2026-10-04,
M V Hospital Block-B HPV,Standing site - HPV days (gaps: Oct4-8 and Oct19-23 not captured; separate U-WIN listing from the UIP site at same hospital),North Delhi,110039,"Poorh Khurd, Kanjhawala Road, North Delhi (Maharishi Valmiki Hospital)",Via U-WIN slot booking,https://uwin.mohfw.gov.in/home,2026-10-04,2026-10-09;2026-10-10;2026-10-12;2026-10-13;2026-10-14;2026-10-15;2026-10-16;2026-10-17;2026-10-24;2026-10-27;2026-10-28;2026-10-29;2026-10-30;2026-10-31
RHTC Barwala HPV,Standing site - HPV days (gaps: Oct4-13 and Oct19-23 not captured; separate U-WIN listing from the UIP site at same facility),North Delhi,110039,"Dispensary wali gali, behind MCD store, Barwala, North Delhi (MAMC RHTC Barwala)",Via U-WIN slot booking,https://uwin.mohfw.gov.in/home,2026-10-04,2026-10-14;2026-10-15;2026-10-16;2026-10-17;2026-10-24;2026-10-26;2026-10-27;2026-10-28;2026-10-29;2026-10-30;2026-10-31
Maharishi Valmiki Hospital,Standing site - no HPV sessions seen (UIP only; separate from the M V Hospital Block-B HPV listing; partial data),North Delhi,110039,"Pooth Khurd, North Delhi (Maharishi Valmiki Hospital)",Via U-WIN slot booking,https://uwin.mohfw.gov.in/home,2026-10-04,
RHTC Barwala,Standing site - no HPV sessions seen (UIP only; separate from the HPV listing; partial data),North Delhi,110039,"Vill Barwala, North Delhi (MAMC RHTC Barwala)",Via U-WIN slot booking,https://uwin.mohfw.gov.in/home,2026-10-04,
Outreach No. 20 AW 63,Standing site - no HPV sessions seen (UIP only; partial data),North Delhi,110039,"Pooth Khurd, North Delhi (MAMC RHTC Barwala)",Via U-WIN slot booking,https://uwin.mohfw.gov.in/home,2026-10-04,
E-2575 JJ Colony Bawana,Standing site - no HPV sessions seen (UIP only; partial data),North Delhi,110039,"E-2575 JJ Colony, Bawana, North Delhi (DGD Bawana)",Via U-WIN slot booking,https://uwin.mohfw.gov.in/home,2026-10-04,
E-3464 JJ Colony Bawana,Standing site - no HPV sessions seen (UIP only; partial data),North Delhi,110039,"E-3464 JJ Colony, Bawana, North Delhi (DGD Bawana)",Via U-WIN slot booking,https://uwin.mohfw.gov.in/home,2026-10-04,
MCD School Nangal Thakran,Standing site - no HPV sessions seen (UIP only; partial data),North Delhi,110039,"MCD School Nangal Thakran, North Delhi (DGD Dariyapur Kalan)",Via U-WIN slot booking,https://uwin.mohfw.gov.in/home,2026-10-04,
DGD Katewara,Standing site - no HPV sessions seen (UIP only; partial data),North Delhi,110039,"DGD Katewara, Katewara Chowk, North Delhi",Via U-WIN slot booking,https://uwin.mohfw.gov.in/home,2026-10-04,
Room No 15 Satyawadi Raja Harishchandra Hospital,Standing site - HPV days (Oct4-Oct28 captured; separate U-WIN listing from the UIP site at same room),North Delhi,110040,"Satyavadi Raja Harish Chandra Hospital, Narela, North Delhi",Via U-WIN slot booking,https://uwin.mohfw.gov.in/home,2026-10-04,2026-10-05;2026-10-06;2026-10-07;2026-10-08;2026-10-09;2026-10-10;2026-10-12;2026-10-13;2026-10-14;2026-10-15;2026-10-16;2026-10-17;2026-10-19;2026-10-21;2026-10-22;2026-10-23;2026-10-24;2026-10-26
CGHS Narela D105,Standing site - HPV days (Wed/Fri pattern; only Nov3-7 and Nov13-27 captured),North Delhi,110040,"PKT 3 B4 Police Colony, Narela, Delhi 110040 (CGHS Narela PHC)",Via U-WIN slot booking,https://uwin.mohfw.gov.in/home,2026-10-04,2026-11-04;2026-11-06;2026-11-13;2026-11-18;2026-11-20;2026-11-25;2026-11-27
Room No 15 SRHC Hospital,Standing site - no HPV sessions seen (UIP only; separate from the HPV listing; Oct4-Oct28 captured),North Delhi,110040,"Room no 15 SRHC Hospital, Narela, North Delhi (Satyawadi Raja Harishchandra Hospital)",Via U-WIN slot booking,https://uwin.mohfw.gov.in/home,2026-10-04,
MCW Narela-2 Pkt-5 Sec-A6,Standing site - no HPV sessions seen (UIP only; Oct4-Oct28 captured),North Delhi,110040,"MCW Narela-2 PKT-5 Sec-A6, Narela, North Delhi (Ayushman Arogya Mandir Narela 2 UPHC)",Via U-WIN slot booking,https://uwin.mohfw.gov.in/home,2026-10-04,
DGD Bhorgarh Chaupal,Standing site - no HPV sessions seen (UIP only; only Nov3-27 captured),North Delhi,110040,"DGD Bhorgarh Dispensary, Narela, North Delhi (DGD Bhorgarh)",Via U-WIN slot booking,https://uwin.mohfw.gov.in/home,2026-10-04,
RHTC Najafgarh,Standing site - HPV days (Oct4-Nov2 captured; UIP also offered),South West Delhi,110043,"RHTC Hospital, Najafgarh, South West Delhi (RHTC Najafgarh PHC)",Via U-WIN slot booking,https://uwin.mohfw.gov.in/home,2026-10-04,2026-10-05;2026-10-06;2026-10-07;2026-10-08;2026-10-09;2026-10-10;2026-10-12;2026-10-13;2026-10-14;2026-10-15;2026-10-16;2026-10-17;2026-10-19;2026-10-21;2026-10-22;2026-10-23;2026-10-24;2026-10-26;2026-10-27;2026-10-28;2026-10-29;2026-10-30;2026-10-31
SPUHC Dharampura,Standing site - no HPV sessions seen (Pregnant Women and UIP only; partial data),South West Delhi,110043,"RZ-94, R Block, Dharampura Extn Dispensary, South West Delhi",Via U-WIN slot booking,https://uwin.mohfw.gov.in/home,2026-10-04,
SPUHC Ranaji Enclave Dispensary,Standing site - no HPV sessions seen (Pregnant Women and UIP only; Oct4-Nov2 captured),South West Delhi,110043,"H.No 13-14 Gali No 3, SPUHC Ranaji Enclave Dispensary, South West Delhi",Via U-WIN slot booking,https://uwin.mohfw.gov.in/home,2026-10-04,
PHC Palam,Standing site - HPV days (Tue/Thu pattern; Oct4-Nov2 captured; Pregnant Women and UIP also offered),South West Delhi,110045,"PHC Palam, South West Delhi (PHC Palam PHC)",Via U-WIN slot booking,https://uwin.mohfw.gov.in/home,2026-10-04,2026-10-06;2026-10-08;2026-10-13;2026-10-15;2026-10-22;2026-10-27;2026-10-29
SDDMASC,Standing site - HPV days (Oct4-Nov2 captured; UIP also offered),South West Delhi,110045,"Shri Dada Dev Matri Avum Shishu Chikitsalya, Dabri, New Delhi 110045, South West Delhi",Via U-WIN slot booking,https://uwin.mohfw.gov.in/home,2026-10-04,2026-10-05;2026-10-06;2026-10-07;2026-10-08;2026-10-09;2026-10-10;2026-10-12;2026-10-13;2026-10-14;2026-10-15;2026-10-16;2026-10-17;2026-10-19;2026-10-21;2026-10-22;2026-10-23;2026-10-24;2026-10-27;2026-10-28;2026-10-29;2026-10-30;2026-10-31
Ambedkar Bhawan,Standing site - no HPV sessions seen (Pregnant Women and UIP only; partial data),South West Delhi,110045,"Ambedkar Bhawan, Harijan Basti Sec 7, Dwarka, South West Delhi (PHC Palam PHC)",Via U-WIN slot booking,https://uwin.mohfw.gov.in/home,2026-10-04,
Sub Centre Palam Village,Standing site - no HPV sessions seen (UIP only; partial data),South West Delhi,110045,"Sub Centre Palam Village, South West Delhi (PHC Palam PHC)",Via U-WIN slot booking,https://uwin.mohfw.gov.in/home,2026-10-04,
MCW Centre Sagarpur,Standing site - HPV days (only Oct4-8 captured; Pregnant Women also offered),South West Delhi,110046,"MCW Sagarpur Gali No 5, South West Delhi (Ayushman Arogya Mandir Sagarpur UPHC)",Via U-WIN slot booking,https://uwin.mohfw.gov.in/home,2026-10-04,2026-10-05;2026-10-06
DGD Sagarpur,Standing site - no HPV sessions seen (Pregnant Women and UIP only; partial data),South West Delhi,110046,"Gali No-6 East Sagarpur, New Delhi (DGD Sagarpur PHC)",Via U-WIN slot booking,https://uwin.mohfw.gov.in/home,2026-10-04,
MCW Vashist Park,Standing site - no HPV sessions seen (Pregnant Women and UIP only; partial data),South West Delhi,110046,"MCD Dispensary Vashist Park, Mohan Nagar, South West Delhi (MCW Vashist Park PHC; address partly cut off)",Via U-WIN slot booking,https://uwin.mohfw.gov.in/home,2026-10-04,
Dasghara Mohalla Garhi AW No 9,Standing site - no HPV sessions seen (UIP only; partial data),South East Delhi,110048,"Dashgera Mohalla, South East Delhi (Ayushman Arogya Mandir Garhi PHC)",Via U-WIN slot booking,https://uwin.mohfw.gov.in/home,2026-10-04,
DGD Garhi,Standing site - no HPV sessions seen (UIP only; partial data),South East Delhi,110048,"Delhi Govt. Dispensary Garhi, South East Delhi (Ayushman Arogya Mandir Garhi PHC)",Via U-WIN slot booking,https://uwin.mohfw.gov.in/home,2026-10-04,
Main Market Garhi AW No 14,Standing site - no HPV sessions seen (UIP only; partial data),South East Delhi,110048,"Main Market Garhi, South East Delhi (Ayushman Arogya Mandir Garhi PHC)",Via U-WIN slot booking,https://uwin.mohfw.gov.in/home,2026-10-04,
CGHS Andrews Ganj D39 1,Standing site - HPV days (only Oct4-8 captured),South East Delhi,110049,"CGHS Andrews Ganj D39, South East Delhi (CGHS Andrews Ganj PHC)",Via U-WIN slot booking,https://uwin.mohfw.gov.in/home,2026-10-04,2026-10-05;2026-10-07
CGHS WC Sadiq Nagar,Standing site - HPV days (gap Oct14-28 not captured),South East Delhi,110049,"CGHS Wellness Centre Sadiq Nagar Sector 3, New Delhi (CGHS Sadique Nagar PHC)",Via U-WIN slot booking,https://uwin.mohfw.gov.in/home,2026-10-04,2026-10-05;2026-10-06;2026-10-07;2026-10-08;2026-10-09;2026-10-30
CGHS Andrews Ganj Dispensary,Standing site - no HPV sessions seen (UIP only; partial data),South East Delhi,110049,"D2 65, 67 Andrews Ganj, New Delhi (CGHS Andrews Ganj PHC)",Via U-WIN slot booking,https://uwin.mohfw.gov.in/home,2026-10-04,
CGHS Sadiq Nagar D63,Standing site - no HPV sessions seen (UIP only; partial data),South East Delhi,110049,"CGHS WC Sadiq Nagar D63, New Delhi (CGHS Sadique Nagar PHC)",Via U-WIN slot booking,https://uwin.mohfw.gov.in/home,2026-10-04,
MCW Andresganj,Standing site - no HPV sessions seen (UIP only; partial data),South East Delhi,110049,"MCW Andrewsganj Street No 06, South East Delhi (MCW Andrews Ganj PHC)",Via U-WIN slot booking,https://uwin.mohfw.gov.in/home,2026-10-04,
AYAM MCW Satyawati Park,Standing site - HPV days (Oct4-28 captured; UIP and Pregnant Women also offered),North West Delhi,110052,"MCW Satyawati Park, North West Delhi (MCW Satyawatipark PHC)",Via U-WIN slot booking,https://uwin.mohfw.gov.in/home,2026-10-04,2026-10-05;2026-10-06;2026-10-07;2026-10-08;2026-10-09;2026-10-10;2026-10-12;2026-10-13;2026-10-14;2026-10-15;2026-10-16;2026-10-17;2026-10-19;2026-10-21;2026-10-22;2026-10-23;2026-10-24;2026-10-27;2026-10-28
Deep Chand Bandhu Hospital,Standing site - HPV days (Oct4-28 captured; none seen Oct19-28; UIP also offered),North West Delhi,110052,"Deep Chand Bandhu Hospital, Kokiwala Bagh, Ashok Vihar Phase-4, North West Delhi (Deep Chand Bandhu Hospital DH)",Via U-WIN slot booking,https://uwin.mohfw.gov.in/home,2026-10-04,2026-10-05;2026-10-06;2026-10-07;2026-10-08;2026-10-09;2026-10-10;2026-10-12;2026-10-13;2026-10-14;2026-10-15;2026-10-16;2026-10-17
MCW Shastri Nagar,Standing site - HPV days (Oct9 and Oct14-Nov2 captured; Oct4-8 and Oct10-13 not captured; UIP and Pregnant Women also offered),Central Delhi,110052,"MCW Shastri Nagar, Central Delhi (MCWC Shastri Nagar PHC)",Via U-WIN slot booking,https://uwin.mohfw.gov.in/home,2026-10-04,2026-10-09;2026-10-14;2026-10-16;2026-10-21;2026-10-23;2026-10-28;2026-10-30
D-19 Shastri Nagar,Standing site - no HPV sessions seen (UIP only; partial data),Central Delhi,110052,"D-73 Shastri Nagar, Central Delhi (MCWC Shastri Nagar PHC)",Via U-WIN slot booking,https://uwin.mohfw.gov.in/home,2026-10-04,
MCW Wazirpur,"Standing site - no HPV sessions seen (Pregnant Women and UIP only; Oct14-Nov2 captured, earlier dates partial)",North West Delhi,110052,"Health Centre MCW Wazirpur, Ashok Vihar PH-1, North West Delhi (MCW Wazir Pur PHC)",Via U-WIN slot booking,https://uwin.mohfw.gov.in/home,2026-10-04,
DGD Ashok Vihar H Block,Standing site - no HPV sessions seen (UIP only; partial data),North West Delhi,110052,"H Block DGD Ashok Vihar, North West Delhi (DGD Ashok Vihar H Block PHC)",Via U-WIN slot booking,https://uwin.mohfw.gov.in/home,2026-10-04,
DGD Wazirpur J.J.Colony 1,"Standing site - no HPV sessions seen (Pregnant Women and UIP only; Oct24-Nov2 captured, earlier dates partial)",North West Delhi,110052,"DGD Wazirpur J.J. Colony, North West Delhi (DGD Wazirpur JJ Colony PHC)",Via U-WIN slot booking,https://uwin.mohfw.gov.in/home,2026-10-04,
Fish Market CSA Colony WPIA,Standing site - no HPV sessions seen (UIP only; only Oct19-23 captured),North West Delhi,110052,"Fish market CSA Colony WPIA, North West Delhi (DGD Wazirpur Industrial Area PHC)",Via U-WIN slot booking,https://uwin.mohfw.gov.in/home,2026-10-04,
AW.87 MCD School Sawan Park,Standing site - no HPV sessions seen (UIP only; only Oct24-28 captured),North West Delhi,110052,"N-77 C-461 Sawan Park Jhuggi, North West Delhi (Polyclinic Wazirpur PH3)",Via U-WIN slot booking,https://uwin.mohfw.gov.in/home,2026-10-04,
AAM Admi Poly Cli. Gautampuri,"Standing site - no HPV sessions seen (UIP only; Oct9-18 captured, Oct4-8 not captured)",North East Delhi,110053,"Gali no 7 Gautam Puri, North East Delhi (Polyclinic Gautampuri)",Via U-WIN slot booking,https://uwin.mohfw.gov.in/home,2026-10-04,
AAM Bhajanpura PHC,Standing site - HPV days (Oct4-18 captured; UIP and Pregnant Women also offered),North East Delhi,110053,"Dispensary Chowk, Thana Road, Block-D, Bhajanpura, North East Delhi (AAM Bhajanpura PHC)",Via U-WIN slot booking,https://uwin.mohfw.gov.in/home,2026-10-04,2026-10-05;2026-10-07;2026-10-08;2026-10-09;2026-10-12;2026-10-13;2026-10-14;2026-10-15;2026-10-16;2026-10-17
AAPC Yamuna Vihar,Standing site - HPV days (Oct4-18 captured; UIP and Pregnant Women also offered),North East Delhi,110053,"AAM Aadmi Polyclinic, B-2 Yamuna Vihar, North East Delhi (Polyclinic Yamuna Vihar)",Via U-WIN slot booking,https://uwin.mohfw.gov.in/home,2026-10-04,2026-10-05;2026-10-06;2026-10-07;2026-10-08;2026-10-09;2026-10-10;2026-10-12;2026-10-13;2026-10-14;2026-10-15;2026-10-16;2026-10-17
CGHS Dispensary Yamuna Vihar,Standing site - HPV days (only Oct4-13 captured; UIP also offered),North East Delhi,110053,"B-3 Blcok-1541, Yamuna Vihar, North East Delhi (CGHS Dispensary Yamuna Vihar)",Via U-WIN slot booking,https://uwin.mohfw.gov.in/home,2026-10-04,2026-10-05;2026-10-06;2026-10-07;2026-10-08;2026-10-09;2026-10-10;2026-10-12;2026-10-13
DGD Maujpur Dispensary,Standing site - HPV days (only Oct4-13 captured; UIP also offered),Shahdara,110053,"Street No. 02 Arjun Mohalla, Shahdara (DGD Maujpur PHC)",Via U-WIN slot booking,https://uwin.mohfw.gov.in/home,2026-10-04,2026-10-05;2026-10-06;2026-10-07;2026-10-08;2026-10-09;2026-10-10;2026-10-12;2026-10-13
Jag Parvesh Chand Hospital,Standing site - HPV days (only Oct4-13 captured; UIP also offered),North East Delhi,110053,"Jag Parvesh Chand Hospital, Shastri Park, Delhi, North East Delhi (Jag Pravesh Chand Hospital)",Via U-WIN slot booking,https://uwin.mohfw.gov.in/home,2026-10-04,2026-10-05;2026-10-06;2026-10-07;2026-10-08;2026-10-09;2026-10-10;2026-10-12;2026-10-13
Maternity Home Welcome Seelampur,Standing site - HPV days (only Oct4-13 captured; HPV only Oct7 and Oct9; UIP and Pregnant Women also offered),Shahdara,110053,"JB Block Welcome Seelampur, Shahdara (MH Welcome Seelampur CHC)",Via U-WIN slot booking,https://uwin.mohfw.gov.in/home,2026-10-04,2026-10-07;2026-10-09
Maternity Home Yamuna Vihar,Standing site - HPV days (only Oct4-13 captured; UIP also offered),North East Delhi,110053,"B-2 Yamuna Vihar, North East Delhi (Mty Home Yamuna Vihar)",Via U-WIN slot booking,https://uwin.mohfw.gov.in/home,2026-10-04,2026-10-05;2026-10-06;2026-10-07;2026-10-08;2026-10-09;2026-10-10;2026-10-12;2026-10-13
MCW Gautampuri,Standing site - HPV days (only Oct4-13 captured; UIP also offered),North East Delhi,110053,"MCD Flats 1st Pusta New Usmanpur, North East Delhi (MCW Gautampuri)",Via U-WIN slot booking,https://uwin.mohfw.gov.in/home,2026-10-04,2026-10-06;2026-10-07;2026-10-08;2026-10-09;2026-10-13
PUHC Jafrabad,Standing site - no HPV sessions seen (Pregnant Women and UIP only; Oct4-13 captured),North East Delhi,110053,"C-20-1 Gali No. 15 Chauhan Bangar, North East Delhi (PUHC Jafrabad)",Via U-WIN slot booking,https://uwin.mohfw.gov.in/home,2026-10-04,
Seed PUHC Brahampuri,Standing site - HPV days (only Oct4-13 captured; UIP also offered),North East Delhi,110053,"X-10, Gali No.10 Brahampuri, North East Delhi (PUHC Brahampuri)",Via U-WIN slot booking,https://uwin.mohfw.gov.in/home,2026-10-04,2026-10-05;2026-10-06;2026-10-07;2026-10-08;2026-10-09;2026-10-10;2026-10-12;2026-10-13
AW No -36 PUHC Jafrabad,"Standing site - no HPV sessions seen (UIP only; partial data, only Oct9-13 captured)",North East Delhi,110053,"G.No 10 Chauhan Bangar, North East Delhi (PUHC Jafrabad)",Via U-WIN slot booking,https://uwin.mohfw.gov.in/home,2026-10-04,
AW No -40 PUHC Jafrabad,"Standing site - no HPV sessions seen (UIP only; partial data, only Oct9-13 captured; address cut off)",North East Delhi,110053,"Gali No. 20 Jafrabad (rest of address cut off in screenshot), North East Delhi (PUHC Jafrabad)",Via U-WIN slot booking,https://uwin.mohfw.gov.in/home,2026-10-04,
AW 115 Old Chandrawal,Standing site - no HPV sessions seen (UIP only; only Oct19-23 captured),Central Delhi,110054,"16 64 Old Chandrawal, Central Delhi (MCWC Khyber Pass PHC)",Via U-WIN slot booking,https://uwin.mohfw.gov.in/home,2026-10-04,
Aruna Asaf Ali Hospital B-7 OPD Block,Standing site - HPV days (Oct9-13 and Oct19-Nov2 captured; Oct4-8 and Oct14-18 not captured; UIP also offered),Central Delhi,110054,"Room No. B-7 OPD Block IInd Floor Aruna Asaf Ali Govt Hospital, Central Delhi (Aruna Asaf Ali Hospital DH)",Via U-WIN slot booking,https://uwin.mohfw.gov.in/home,2026-10-04,2026-10-09;2026-10-10;2026-10-12;2026-10-13;2026-10-19;2026-10-21;2026-10-22;2026-10-23;2026-10-24;2026-10-27;2026-10-28;2026-10-29;2026-10-30;2026-10-31
Balak Ram Hospital,Standing site - HPV days (Oct9-13 and Oct19-Nov2 captured; Oct4-8 and Oct14-18 not captured; UIP also offered),Central Delhi,110054,"Balak Ram Hospital Timar Pur, Central Delhi (Balak Ram Hospital DH)",Via U-WIN slot booking,https://uwin.mohfw.gov.in/home,2026-10-04,2026-10-09;2026-10-21;2026-10-23;2026-10-28;2026-10-30
MCW Khyber Pass,Standing site - no HPV sessions seen (UIP only; only Oct19-28 captured),Central Delhi,110054,"65 Khyber Pass, Central Delhi (MCWC Khyber Pass PHC)",Via U-WIN slot booking,https://uwin.mohfw.gov.in/home,2026-10-04,
Refuji Camp,"Standing site - no HPV sessions seen (UIP only; partial data, only Oct19-23 captured)",Central Delhi,110054,"AW 45 Refuji Camp, Central Delhi (MCWC Khyber Pass PHC)",Via U-WIN slot booking,https://uwin.mohfw.gov.in/home,2026-10-04,
AW 66 Patrachar,"Standing site - no HPV sessions seen (UIP only; partial data, only Oct24-28 captured)",Central Delhi,110054,"N 62 478 Patrachar, Central Delhi (MCWC Khyber Pass PHC)",Via U-WIN slot booking,https://uwin.mohfw.gov.in/home,2026-10-04,
AW 68 Indra Basti,"Standing site - no HPV sessions seen (UIP only; partial data, only Oct29-Nov2 captured)",Central Delhi,110054,"N 64 232 Indra Basti, Central Delhi (MCWC Khyber Pass PHC)",Via U-WIN slot booking,https://uwin.mohfw.gov.in/home,2026-10-04,
Northern Railway Central Hospital,Standing site - HPV days (Oct4-Nov2 captured; Oct9-13 inferred from an unlabeled screenshot - verify; UIP also offered),Central Delhi,110055,"Northern Railway Central Hospital DH, Basant Lane, New Delhi, Central Delhi (Northern Railway Central Hospital DH)",Via U-WIN slot booking,https://uwin.mohfw.gov.in/home,2026-10-04,2026-10-05;2026-10-06;2026-10-07;2026-10-08;2026-10-09;2026-10-10;2026-10-12;2026-10-13;2026-10-14;2026-10-15;2026-10-16;2026-10-17;2026-10-19;2026-10-21;2026-10-22;2026-10-23;2026-10-24;2026-10-27;2026-10-28;2026-10-29;2026-10-30;2026-10-31
T-256 General Market AW14,"Standing site - no HPV sessions seen (UIP only; partial data, only Oct4-8 captured)",Central Delhi,110055,"T 256 General Market, Central Delhi (MCWC Shora Kothi Paharganj PHC)",Via U-WIN slot booking,https://uwin.mohfw.gov.in/home,2026-10-04,
UAAM Vikram Nagar,"Standing site - no HPV sessions seen (UIP only; partial data, dates Oct9-13 inferred from an unlabeled screenshot - verify)",Central Delhi,110055,"Khuni Kila Vikram Nagar, Central Delhi (UPHC Daryaganj PHC)",Via U-WIN slot booking,https://uwin.mohfw.gov.in/home,2026-10-04,
MCW Nabi Karim PHC,"Standing site - no HPV sessions seen (UIP only; Oct14-Nov2 captured, Oct4-13 not captured)",Central Delhi,110055,"10615-16 1st Floor Jhandewalan Road Ren Basera, Central Delhi (MCWC Nabi Karim PHC)",Via U-WIN slot booking,https://uwin.mohfw.gov.in/home,2026-10-04,
CGHS Dispensary Vasant Vihar,"Standing site - no HPV sessions seen (UIP only; Oct4-8 and Oct14-Nov2 captured, Oct9-13 not captured)",New Delhi,110057,"CGHS Dispensary Building, CPWD Colony, Vasant Vihar, New Delhi (CGHS Dispensary Vasant Vihar PHC)",Via U-WIN slot booking,https://uwin.mohfw.gov.in/home,2026-10-04,
Polyclinic Basant Gaon,"Standing site - HPV days (Oct4-8 and Oct14-Nov2 captured, Oct9-13 not captured; UIP and Pregnant Women also offered)",New Delhi,110057,"AAM Aadmi Polyclinic Basant Gaon, New Delhi (Polyclinic Basant Goan PHC)",Via U-WIN slot booking,https://uwin.mohfw.gov.in/home,2026-10-04,2026-10-05;2026-10-06;2026-10-07;2026-10-08;2026-10-14;2026-10-15;2026-10-16;2026-10-17;2026-10-19;2026-10-21;2026-10-22;2026-10-23;2026-10-24;2026-10-27;2026-10-28;2026-10-29;2026-10-30;2026-10-31
PUHC Uttam Nagar,Standing site - HPV days (only Oct4-8 captured; HPV only Oct7; UIP also offered),South West Delhi,110059,"Maharaja Agarsen Polyclinic, G Block, School Road, Uttam Nagar, South West Delhi (MCW Uttam Nagar PHC)",Via U-WIN slot booking,https://uwin.mohfw.gov.in/home,2026-10-04,2026-10-07
Seed PUHC Sitapuri,Standing site - no HPV sessions seen (Pregnant Women and UIP only; only Oct4-8 captured),South West Delhi,110059,"D-293 Gali No 55 near 60 Feet Road, Mahavir Enclave Part-3, South West Delhi (SPUHC Sitapuri)",Via U-WIN slot booking,https://uwin.mohfw.gov.in/home,2026-10-04,
B-39 Mansaram Park PHC,Standing site - HPV days (only Oct9-13 captured; HPV only Oct9; UIP and Pregnant Women also offered),South West Delhi,110059,"B-39 Mansarampark, South West Delhi (SPUHC Mansa Ram Park)",Via U-WIN slot booking,https://uwin.mohfw.gov.in/home,2026-10-04,2026-10-09
Center/Fixed Session Mohan Garden,Standing site - no HPV sessions seen (UIP only; only Oct9-13 captured),South West Delhi,110059,"Q-1 1A Mohan Garden, South West Delhi (SPUHC Mohan Garden)",Via U-WIN slot booking,https://uwin.mohfw.gov.in/home,2026-10-04,
DGD Jeevan Park,Standing site - HPV days (only Oct9-13 captured; UIP also offered),South West Delhi,110059,"DGD Jeevan Park, D Block, South West Delhi (DGD Jeevan Park)",Via U-WIN slot booking,https://uwin.mohfw.gov.in/home,2026-10-04,2026-10-09;2026-10-12
E-140 G No 14 Om Vihar Ext,Standing site - no HPV sessions seen (UIP only; only Oct9-13 captured),South West Delhi,110059,"E-130 G No 14 Om Vihar Ext, South West Delhi (MCW Mahindra Park PHC)",Via U-WIN slot booking,https://uwin.mohfw.gov.in/home,2026-10-04,
Friends Property Dealer Mohan Garden,"Standing site - no HPV sessions seen (UIP only; partial data, only Oct9-13 captured; address cut off)",South West Delhi,110059,"Address cut off in screenshot, South West Delhi (SPUHC Mohan Garden)",Via U-WIN slot booking,https://uwin.mohfw.gov.in/home,2026-10-04,
HPV Paschim Vihar,"Standing site - HPV days (Oct9-Nov2 captured, Oct4-8 not captured; separate U-WIN listing from the Polyclinic Paschim Vihar UIP site, same PHC)",West Delhi,110063,"A 2 Paschim Vihar, West Delhi (Polyclinic Paschim Vihar PHC)",Via U-WIN slot booking,https://uwin.mohfw.gov.in/home,2026-10-04,2026-10-09;2026-10-10;2026-10-12;2026-10-13;2026-10-14;2026-10-15;2026-10-16;2026-10-17;2026-10-19;2026-10-21;2026-10-22;2026-10-23;2026-10-24;2026-10-27;2026-10-28;2026-10-30;2026-10-31
Polyclinic Paschim Vihar,Standing site - no HPV sessions seen (UIP and Pregnant Women only; Oct9-28 captured; HPV is on the separate HPV Paschim Vihar listing),West Delhi,110063,"A-2 Paschim Vihar, West Delhi (Polyclinic Paschim Vihar PHC)",Via U-WIN slot booking,https://uwin.mohfw.gov.in/home,2026-10-04,
CGHS Paschim Vihar for HPV,"Standing site - HPV days (Oct14-Nov2 captured, Oct4-13 not captured)",West Delhi,110063,"CGHS Paschim Vihar A-3 Green Apartment, West Delhi (CGHS Paschim Vihar PHC)",Via U-WIN slot booking,https://uwin.mohfw.gov.in/home,2026-10-04,2026-10-14;2026-10-16;2026-10-21;2026-10-23;2026-10-28;2026-10-30
Shiv Mandir B Block Madipur,"Standing site - no HPV sessions seen (UIP only; partial data, only Oct9-13 captured; address cut off)",West Delhi,110063,"Shiv Mandir B Block Madipur (rest of address cut off), West Delhi (MH Madipur CHC)",Via U-WIN slot booking,https://uwin.mohfw.gov.in/home,2026-10-04,
Chamunda Mandir D Block Madipur,"Standing site - no HPV sessions seen (UIP only; partial data, only Oct14-18 captured)",West Delhi,110063,"Chamunda Mandir D Block Madipur, West Delhi (MH Madipur CHC)",Via U-WIN slot booking,https://uwin.mohfw.gov.in/home,2026-10-04,
Delhi Govt Dispensary Paschim Puri,Standing site - no HPV sessions seen (Pregnant Women and UIP only; Oct14-Nov2 captured),West Delhi,110063,"Flat no.1 to 4, Janta Flats, Pkt-1, Paschim Puri, West Delhi (DGD Paschim Puri PHC)",Via U-WIN slot booking,https://uwin.mohfw.gov.in/home,2026-10-04,
Ram Mandir B Block Madipur,"Standing site - no HPV sessions seen (UIP only; partial data, only Oct14-18 captured)",West Delhi,110063,"Ram Mandir B Block Madipur, West Delhi (MH Madipur CHC)",Via U-WIN slot booking,https://uwin.mohfw.gov.in/home,2026-10-04,
ESI Madipur PHC,"Standing site - no HPV sessions seen (UIP only; partial data, only Oct19-28 captured)",West Delhi,110063,"Raghubir Nagar Road Pocket 3, Paschim Puri, West Delhi (ESI Madipur PHC)",Via U-WIN slot booking,https://uwin.mohfw.gov.in/home,2026-10-04,
Shiv Mandir Pkt 2 P Puri,"Standing site - no HPV sessions seen (UIP only; partial data, only Oct19-23 captured)",West Delhi,110063,"Anganwadi No 10 Shiv Mandir Pkt 2, Paschim Puri, West Delhi (MCW Peeragarhi PHC)",Via U-WIN slot booking,https://uwin.mohfw.gov.in/home,2026-10-04,
Ganga Mai Mandir Madipur,"Standing site - no HPV sessions seen (UIP only; partial data, only Oct24-28 captured)",West Delhi,110063,"Ganga Mai Mandir A Block Madipur, West Delhi (MH Madipur CHC)",Via U-WIN slot booking,https://uwin.mohfw.gov.in/home,2026-10-04,
DDUH HPV Vaccination,"Standing site - HPV days (Oct4-Nov6 captured; separate U-WIN listing from the Deen Dayal Upadhyay Hospital UIP site, same hospital)",West Delhi,110064,"DDUH Harinagar, West Delhi (Deen Dayal Upadhaya Hospital DH)",Via U-WIN slot booking,https://uwin.mohfw.gov.in/home,2026-10-04,2026-10-05;2026-10-06;2026-10-07;2026-10-08;2026-10-09;2026-10-10;2026-10-12;2026-10-13;2026-10-14;2026-10-15;2026-10-16;2026-10-17;2026-10-19;2026-10-21;2026-10-22;2026-10-23;2026-10-24;2026-10-27;2026-10-28;2026-10-29;2026-10-30;2026-10-31;2026-11-02;2026-11-03
Deen Dayal Upadhyay Hospital,Standing site - no HPV sessions seen (UIP only; Oct4-Nov6 captured; HPV is on the separate DDUH HPV Vaccination listing),West Delhi,110064,"Ghanta Ghar, Near Hari Nagar, West Delhi (Deen Dayal Upadhaya Hospital DH)",Via U-WIN slot booking,https://uwin.mohfw.gov.in/home,2026-10-04,
DGD Mayapuri,"Standing site - no HPV sessions seen (UIP only; Oct4-8 and Oct19-Nov2 captured, Oct9-18 not captured)",New Delhi,110064,"DGD Mayapuri, Basti Vikas Kendra, New Delhi (DGD Mayapuri PHC)",Via U-WIN slot booking,https://uwin.mohfw.gov.in/home,2026-10-04,
A 11-12 Phase 1 Mayapuri,"Standing site - no HPV sessions seen (UIP only; partial data, only Oct9-13 captured)",New Delhi,110064,"A 11-12 Phase 1 Mayapuri, New Delhi (DGD Mayapuri PHC)",Via U-WIN slot booking,https://uwin.mohfw.gov.in/home,2026-10-04,
C-76 Phase 2 Mayapuri,"Standing site - no HPV sessions seen (UIP only; partial data, only Oct14-18 captured)",New Delhi,110064,"C-76 Phase 2 Mayapuri, New Delhi (DGD Mayapuri PHC)",Via U-WIN slot booking,https://uwin.mohfw.gov.in/home,2026-10-04,
CGHS Netaji Nagar PHC,Standing site - HPV days (Oct4-Nov7 captured; UIP also offered),New Delhi,110066,"CGHS Bhawan R K Puram Sec 13, New Delhi (CGHS Wellness Centre Netaji Nagar PHC)",Via U-WIN slot booking,https://uwin.mohfw.gov.in/home,2026-10-04,2026-10-07;2026-10-09;2026-10-14;2026-10-16;2026-10-21;2026-10-23;2026-10-28;2026-10-30;2026-11-04;2026-11-06
Clinic NIHFW,Standing site - HPV days (only Oct4-13 captured; afternoon sessions 2:30-4:30 PM; UIP also offered Oct7),New Delhi,110067,"National Institute of Health and Family Welfare, Baba Gang Nath Marg, Munirka, New Delhi (NIHFW Munirka PHC)",Via U-WIN slot booking,https://uwin.mohfw.gov.in/home,2026-10-04,2026-10-05;2026-10-06;2026-10-07;2026-10-08;2026-10-09
AAYM Jhuljhuli,"Standing site - no HPV sessions seen (UIP only; partial data, only Oct4-8 captured)",South West Delhi,110073,"VPO Jhuljhuli New Delhi, South West Delhi (DGD Rawta)",Via U-WIN slot booking,https://uwin.mohfw.gov.in/home,2026-10-04,
CBPACS Khera Dabur CHC,Standing site - HPV days (Oct4-Nov2 captured; UIP also offered),South West Delhi,110073,"CBPACS Khera Dabur CHC, South West Delhi (CBPACS Khera Dabur CHC)",Via U-WIN slot booking,https://uwin.mohfw.gov.in/home,2026-10-04,2026-10-05;2026-10-06;2026-10-07;2026-10-08;2026-10-09;2026-10-10;2026-10-12;2026-10-13;2026-10-14;2026-10-15;2026-10-16;2026-10-17;2026-10-21;2026-10-23;2026-10-28;2026-10-30
DGHC Dhansa Dispensary,Standing site - HPV days (Oct4-Nov2 captured; UIP and Pregnant Women also offered),South West Delhi,110073,"DGD Dhansa Dispensary, South West Delhi (DGHC Dhansa)",Via U-WIN slot booking,https://uwin.mohfw.gov.in/home,2026-10-04,2026-10-07;2026-10-14;2026-10-21;2026-10-28
DGHC Issapur,"Standing site - HPV days (Oct4-18 captured, Oct19+ not captured; UIP and Pregnant Women also offered)",South West Delhi,110073,"Village Issapur New Delhi, South West Delhi (DGD Issapur)",Via U-WIN slot booking,https://uwin.mohfw.gov.in/home,2026-10-04,2026-10-07;2026-10-09;2026-10-14;2026-10-16
DGHC Rawta,Standing site - HPV days (Oct4-Nov2 captured; UIP also offered),South West Delhi,110073,"Village Rawta New Delhi, South West Delhi (DGD Rawta)",Via U-WIN slot booking,https://uwin.mohfw.gov.in/home,2026-10-04,2026-10-07;2026-10-09;2026-10-14;2026-10-21;2026-10-23;2026-10-28;2026-10-30
PHC Ujjwa,"Standing site - no HPV sessions seen (Pregnant Women only; partial data, only Oct4-8 captured)",South West Delhi,110073,"VPO Ujjwa, South West Delhi (PHC Ujwa PHC)",Via U-WIN slot booking,https://uwin.mohfw.gov.in/home,2026-10-04,
RTRM Hospital,Standing site - HPV days (Oct4-Nov2 captured; UIP also offered),South West Delhi,110073,"RTRM Hosptial, Jaffarpur Village, Near Police Station, New Delhi, South West Delhi (Rao Tula Ram Hospital DH)",Via U-WIN slot booking,https://uwin.mohfw.gov.in/home,2026-10-04,2026-10-05;2026-10-06;2026-10-07;2026-10-08;2026-10-09;2026-10-10;2026-10-12;2026-10-13;2026-10-14;2026-10-15;2026-10-16;2026-10-17;2026-10-19;2026-10-21;2026-10-22;2026-10-23;2026-10-24;2026-10-26;2026-10-27;2026-10-28;2026-10-29;2026-10-30;2026-10-31
Dada Budha Mandir,"Standing site - no HPV sessions seen (UIP only; partial data, only Oct14-18 captured)",South West Delhi,110073,"Dada Budha Mandir, South West Delhi (DGD Issapur)",Via U-WIN slot booking,https://uwin.mohfw.gov.in/home,2026-10-04,
Mundhela Kalan,"Standing site - no HPV sessions seen (UIP only; partial data, only Oct14-18 captured)",South West Delhi,110073,"AWW 116 Mundhela Kalan Jhod Pana, South West Delhi (DGD Mundela Khurd)",Via U-WIN slot booking,https://uwin.mohfw.gov.in/home,2026-10-04,
DGD Sector 2 Dwarka,Standing site - HPV days (Oct4-13 captured; Pregnant Women and UIP also offered),South West Delhi,110075,"Delhi Govt Health Center Dispensary Complex Sector 2 Dwarka, South West Delhi (Ayushman Arogya Mandir Sec 2 Dwarka UPHC)",Via U-WIN slot booking,https://uwin.mohfw.gov.in/home,2026-10-04,2026-10-05;2026-10-10
DGHC Sec 10 Dwarka,Standing site - HPV days (only Oct4-8 captured; HPV only Oct5; UIP also offered),South West Delhi,110075,"DGHC Sec 10 Dwarka, South West Delhi (Ayushman Arogya Mandir Sec10 Dwarka UPHC)",Via U-WIN slot booking,https://uwin.mohfw.gov.in/home,2026-10-04,2026-10-05
DGHC Sec 12 Dwarka,Standing site - no HPV sessions seen (Pregnant Women and UIP only; Oct4-13 captured),South West Delhi,110075,"Sec 12, Dwarka, New Delhi-110075, South West Delhi (Ayushman Arogya Mandir Sec12 Dwarka UPHC)",Via U-WIN slot booking,https://uwin.mohfw.gov.in/home,2026-10-04,
DGHC Sector-19 Dwarka Ambherai,"Standing site - no HPV sessions seen (Pregnant Women only; partial data, only Oct9-13 captured; address cut off)",South West Delhi,110075,"Address cut off in screenshot, Sector 19 Dwarka (Ayushman Arogya Mandir Sec19 Dwarka UPHC)",Via U-WIN slot booking,https://uwin.mohfw.gov.in/home,2026-10-04,
SPUHC G10/21,Standing site - no HPV sessions seen (UIP only; Oct4-Nov2 captured),South East Delhi,110080,"SPUHC G10 21 Sangam Vihar, South East Delhi (Seed PUHC Sangam Vihar G 10 PHC)",Via U-WIN slot booking,https://uwin.mohfw.gov.in/home,2026-10-04,
SPUHC H Block Sangam Vihar,Standing site - HPV days (Oct4-Nov2 captured; UIP also offered),South East Delhi,110080,"Gali No. 16 House No. 413, near Gujjar Chowk, Sangam Vihar, South East Delhi (Seed PUHC Sangam Vihar H Block PHC)",Via U-WIN slot booking,https://uwin.mohfw.gov.in/home,2026-10-04,2026-10-05;2026-10-06;2026-10-07;2026-10-08;2026-10-09;2026-10-10;2026-10-12;2026-10-13;2026-10-14;2026-10-15;2026-10-16;2026-10-17;2026-10-19;2026-10-21;2026-10-22;2026-10-23;2026-10-24;2026-10-26;2026-10-27;2026-10-28;2026-10-29;2026-10-30;2026-10-31
MCW Karala,"Standing site - HPV days (Oct4-18 and Oct24-Nov2 captured, Oct19-23 not captured; UIP also offered)",North West Delhi,110081,"MCW Karala, North West Delhi (MCW Karala PHC)",Via U-WIN slot booking,https://uwin.mohfw.gov.in/home,2026-10-04,2026-10-06;2026-10-10;2026-10-13;2026-10-17;2026-10-24;2026-10-27;2026-10-31
Parwa Panna Karala,"Standing site - no HPV sessions seen (UIP only; partial data, only Oct4-8 captured)",North West Delhi,110081,"H No 527 Parwa Panna Karala, North West Delhi (MCW Karala PHC)",Via U-WIN slot booking,https://uwin.mohfw.gov.in/home,2026-10-04,
Savdha Dispensary,"Standing site - no HPV sessions seen (UIP only; Oct4-18 and Oct24-Nov2 captured, Oct19-23 not captured)",North West Delhi,110081,"DGD Savdha Dispensary, North West Delhi (DGD Sawada Ghevra PHC)",Via U-WIN slot booking,https://uwin.mohfw.gov.in/home,2026-10-04,
Satgarha Panna Karala,"Standing site - no HPV sessions seen (UIP only; partial data, only Oct9-13 captured)",North West Delhi,110081,"Satgarha Panna Karala, North West Delhi (MCW Karala PHC)",Via U-WIN slot booking,https://uwin.mohfw.gov.in/home,2026-10-04,
Vill Ladpur,"Standing site - no HPV sessions seen (UIP only; partial data, only Oct14-18 captured)",North West Delhi,110081,"Vill Ladpur AW No-117, North West Delhi (DGD Jaunti PHC)",Via U-WIN slot booking,https://uwin.mohfw.gov.in/home,2026-10-04,
DGD Rani Khera,"Standing site - no HPV sessions seen (UIP only; partial data, only Oct24-Nov2 captured)",North West Delhi,110081,"Village Rani Khera, Delhi-110081, North West Delhi (DGD Rani Khera PHC)",Via U-WIN slot booking,https://uwin.mohfw.gov.in/home,2026-10-04,
DGD Sec 8 Rohini,Standing site - HPV days (only Oct4-8 captured; HPV only Oct4; UIP also offered),North West Delhi,110085,"Pocket 9, Sector 8C, Rohini, North West Delhi (DGD Rohini Sector8 PHC)",Via U-WIN slot booking,https://uwin.mohfw.gov.in/home,2026-10-04,2026-10-04
Dr BSA Hospital for RI,Standing site - HPV days (Oct4-18 captured; Oct9-13 inferred from an unlabeled screenshot - verify; UIP also offered),North West Delhi,110085,"Rohini Sec-6, North West Delhi (Dr Baba Saheb Ambedkar Hospital Rohini DH)",Via U-WIN slot booking,https://uwin.mohfw.gov.in/home,2026-10-04,2026-10-05;2026-10-06;2026-10-07;2026-10-08;2026-10-09;2026-10-10;2026-10-12;2026-10-13;2026-10-14;2026-10-15;2026-10-16;2026-10-17
Durga Mandir C-Block Sec-1,"Standing site - no HPV sessions seen (UIP only; partial data, dates Oct9-13 inferred from an unlabeled screenshot - verify)",North West Delhi,110085,"Shree Jai Durga Mandir B Block Rd, Avantika, Sector 1, Rohini, North West Delhi (Polyclinic Sec 2 Rohini PHC)",Via U-WIN slot booking,https://uwin.mohfw.gov.in/home,2026-10-04,
E 166 Vijay Vihar Phase 1,"Standing site - no HPV sessions seen (UIP only; partial data, dates Oct9-13 inferred from an unlabeled screenshot - verify; address cut off)",North West Delhi,110085,"E 166 Vijay Vihar Phase 1 (rest of address cut off), North West Delhi (Polyclinic Rohini Sector4 PHC)",Via U-WIN slot booking,https://uwin.mohfw.gov.in/home,2026-10-04,
E-2/28 Budh Vihar Phase-1,"Standing site - no HPV sessions seen (UIP only; partial data, only Oct14-18 captured)",North West Delhi,110085,"E-2-29 B Block T, Budh Vihar Phase-1, North West Delhi (MCW Budh Vihar PHC)",Via U-WIN slot booking,https://uwin.mohfw.gov.in/home,2026-10-04,
Ayam Jwalapuri HPV,"Standing site - HPV days (Oct4-13 and Oct19-23 captured, Oct14-18 not captured; HPV on Mondays only)",West Delhi,110087,"Ayushman Arogya Mandir B-Block Jwalapuri, West Delhi (DGD Jwalapuri PHC)",Via U-WIN slot booking,https://uwin.mohfw.gov.in/home,2026-10-04,2026-10-05;2026-10-12;2026-10-19
ESI Jawalapuri PHC,Standing site - no HPV sessions seen (UIP only; Oct4-13 and Oct19-23 captured),West Delhi,110087,"Camp No. 4, Resettlement Colony, Jwalapuri, Delhi-110087, West Delhi (ESI Jawalapuri PHC)",Via U-WIN slot booking,https://uwin.mohfw.gov.in/home,2026-10-04,
PHC DGD Nangloi,Standing site - no HPV sessions seen (Pregnant Women and UIP only; Oct4-13 and Oct19-23 captured),West Delhi,110087,"DGD Nangloi, MPCC Building, near Takia Talab Mundka, West Delhi (DGD Nangloi PHC)",Via U-WIN slot booking,https://uwin.mohfw.gov.in/home,2026-10-04,
AW No. 40 Nehru Camp,"Standing site - no HPV sessions seen (UIP only; partial data, only Oct4-8 captured)",North West Delhi,110088,"AW No 40 Nehru Camp, Haider Pur, North West Delhi (MH Haiderpur CHC)",Via U-WIN slot booking,https://uwin.mohfw.gov.in/home,2026-10-04,
Maternity Home Haiderpur,Standing site - no HPV sessions seen (Pregnant Women and UIP only; Oct4-13 captured),North West Delhi,110088,"Maternity Home Haiderpur, inside Ayurvedic Campus, North West Delhi (MH Haiderpur CHC)",Via U-WIN slot booking,https://uwin.mohfw.gov.in/home,2026-10-04,
Shalimar BB Block Dispensary,Standing site - HPV days (only Oct4-13 captured; Pregnant Women and UIP also offered),North West Delhi,110088,"DGD Shalimar Bagh BB Block, North West Delhi (DGD Shalimar Bagh BB Block PHC)",Via U-WIN slot booking,https://uwin.mohfw.gov.in/home,2026-10-04,2026-10-06;2026-10-10;2026-10-13
Nehru Camp Durga Mandir,"Standing site - no HPV sessions seen (UIP only; partial data, only Oct9-13 captured)",North West Delhi,110088,"Nehru Camp Durga Mandir, Haiderpur, North West Delhi (MH Haiderpur CHC)",Via U-WIN slot booking,https://uwin.mohfw.gov.in/home,2026-10-04,
MH Patparganj CHC,Standing site - no HPV sessions seen (UIP only; only Oct14-18 captured),East Delhi,110091,"MH Patparganj, Main Patparganj Village Road, in the complex of SPM Chest Hospital, East Delhi (MH Patparganj CHC)",Via U-WIN slot booking,https://uwin.mohfw.gov.in/home,2026-10-04,
UHC Kalyanpuri LHMC,"Standing site - HPV days (Oct14-Nov2 captured, Oct4-13 not captured; UIP and Pregnant Women also offered some days)",East Delhi,110091,"Block 18, Near Ambedkar Park, Kalyanpuri, East Delhi (UHC Kalyanpuri PHC LHMC)",Via U-WIN slot booking,https://uwin.mohfw.gov.in/home,2026-10-04,2026-10-14;2026-10-15;2026-10-16;2026-10-17;2026-10-19;2026-10-21;2026-10-22;2026-10-23;2026-10-24;2026-10-26;2026-10-27;2026-10-28;2026-10-29;2026-10-30;2026-10-31
MH Khichripur CHC,Standing site - HPV days (Oct19-Nov2 captured; Oct17 has an unlabeled/cut-off session - verify; Oct4-16 and Oct18 not captured; UIP and Pregnant Women also offered),East Delhi,110091,"MH Khichripur, Opposite Sarvodaya Bal Vidyalaya (Jijabai School), East Delhi (MH Khichripur CHC)",Via U-WIN slot booking,https://uwin.mohfw.gov.in/home,2026-10-04,2026-10-19;2026-10-24;2026-10-31
DGD Durgapuri 1449/221 G. N-3,Standing site - HPV days (Oct4-Nov2 captured; UIP and Pregnant Women also offered),Shahdara,110093,"DGD Durgapuri 1449-221 G. No-3, Durgapuri, Shahdara (DGD Durgapuri PHC)",Via U-WIN slot booking,https://uwin.mohfw.gov.in/home,2026-10-04,2026-10-05;2026-10-06;2026-10-07;2026-10-08;2026-10-09;2026-10-10;2026-10-12;2026-10-13;2026-10-14;2026-10-15;2026-10-16;2026-10-17;2026-10-19;2026-10-21;2026-10-22;2026-10-23;2026-10-24;2026-10-26;2026-10-27;2026-10-28;2026-10-29;2026-10-30;2026-10-31
DGD Ashok Nagar,"Standing site - HPV days (Oct9-Nov2 captured, Oct4-8 not captured; UIP and Pregnant Women also offered)",Shahdara,110093,"D-542 St No-9, Ashok Nagar, Shahdara (DGD Ashok Nagar PHC)",Via U-WIN slot booking,https://uwin.mohfw.gov.in/home,2026-10-04,2026-10-09;2026-10-10;2026-10-12;2026-10-13;2026-10-14;2026-10-15;2026-10-16;2026-10-17;2026-10-19;2026-10-21;2026-10-22;2026-10-23;2026-10-24;2026-10-27;2026-10-28;2026-10-29;2026-10-30;2026-10-31
Anganwadi Center No -22,"Standing site - no HPV sessions seen (UIP only; partial data, only Oct19-23 captured)",Shahdara,110093,"D-849 Gali No-7, Ashok Nagar, Shahdara (DGD Ashok Nagar PHC)",Via U-WIN slot booking,https://uwin.mohfw.gov.in/home,2026-10-04,
AAPC Nand Nagri,Standing site - no HPV sessions seen (Pregnant Women and UIP only; only Oct29-Nov2 captured),Shahdara,110093,"AAPC A2 Nand Nagri, Shahdara (DGD Nand Nagri)",Via U-WIN slot booking,https://uwin.mohfw.gov.in/home,2026-10-04,
MCW Center E 4 Nand Nagri,Standing site - no HPV sessions seen (Pregnant Women and UIP only; only Oct4-8 captured),Shahdara,110093,"MCW Center E-4 Nand Nagri (MCD Dispensary), Shahdara (MCW Nand Nagri E4)",Via U-WIN slot booking,https://uwin.mohfw.gov.in/home,2026-10-04,
MCW Seemapuri,Standing site - no HPV sessions seen (Pregnant Women and UIP only; only Oct4-8 captured; separate from the MCW New Seemapuri Sunder Nagri HPV listing in 110094),Shahdara,110093,"MCW Seemapuri, N-Block, Sunder Nagri, Shahdara (MCW New Seemapuri)",Via U-WIN slot booking,https://uwin.mohfw.gov.in/home,2026-10-04,
AYM Kardam Puri,"Standing site - HPV days (Oct4-18 and Oct24-Nov2 captured, Oct19-23 not captured)",Shahdara,110094,"Near by Ambedkar College, Kardam Puri, Shahdara (MCW Kardampuri PHC)",Via U-WIN slot booking,https://uwin.mohfw.gov.in/home,2026-10-04,2026-10-05;2026-10-06;2026-10-07;2026-10-08;2026-10-09;2026-10-10;2026-10-12;2026-10-13;2026-10-14;2026-10-15;2026-10-16;2026-10-17;2026-10-26;2026-10-27;2026-10-28;2026-10-29;2026-10-30
Delhi Govt Dispensary Johripur,"Standing site - HPV days (Oct4-18 and Oct24-Nov2 captured, Oct19-23 not captured; UIP and Pregnant Women also offered)",North East Delhi,110094,"K.No-20 Shani Bazar Gali, Gujjar Mohalla, Johripur, North East Delhi (DGD Johri Pur)",Via U-WIN slot booking,https://uwin.mohfw.gov.in/home,2026-10-04,2026-10-05;2026-10-06;2026-10-07;2026-10-08;2026-10-09;2026-10-10;2026-10-12;2026-10-13;2026-10-14;2026-10-15
PUHC Chandu Nagar,Standing site - HPV days (Oct4-Nov2 captured; UIP and Pregnant Women also offered),North East Delhi,110094,"B-200 Gali No. 2, Chandu Nagar, North East Delhi (PUHC Chandu Nagar)",Via U-WIN slot booking,https://uwin.mohfw.gov.in/home,2026-10-04,2026-10-05;2026-10-06;2026-10-07;2026-10-08;2026-10-09;2026-10-10;2026-10-12;2026-10-13;2026-10-14;2026-10-15;2026-10-16;2026-10-17;2026-10-19;2026-10-21;2026-10-22;2026-10-23;2026-10-24;2026-10-26;2026-10-27;2026-10-28;2026-10-29;2026-10-30;2026-10-31
PUHC Chauhanpatti,Standing site - no HPV sessions seen (Pregnant Women and UIP only; Oct4-13 and Oct19-28 captured),North East Delhi,110094,"Khasra No. 167, Transformer Wali Gali, Chauhanpatti, North East Delhi (PUHC Chauhan Patti)",Via U-WIN slot booking,https://uwin.mohfw.gov.in/home,2026-10-04,
PUHC New Mustafabad,"Standing site - HPV days (Oct4-28 captured, Oct29-Nov2 not captured; UIP and Pregnant Women also offered)",North East Delhi,110094,"H No 201, Gali No 4, New Mustafabad, North East Delhi (PUHC New Mustafabad)",Via U-WIN slot booking,https://uwin.mohfw.gov.in/home,2026-10-04,2026-10-05;2026-10-06;2026-10-07;2026-10-08;2026-10-09;2026-10-10;2026-10-12;2026-10-13;2026-10-14;2026-10-15;2026-10-16;2026-10-17;2026-10-19;2026-10-20;2026-10-21;2026-10-22;2026-10-23;2026-10-24;2026-10-26;2026-10-27;2026-10-28
PUHC Sonia Vihar 4.5 Pusta,Standing site - no HPV sessions seen (Pregnant Women and UIP only; Oct4-28 captured),North East Delhi,110094,"E1 Block, House No. 1017, Gali No. 25, Pusta 4.5, Sonia Vihar, North East Delhi (PUHC Sonia Vihar 4.5 Pusta)",Via U-WIN slot booking,https://uwin.mohfw.gov.in/home,2026-10-04,
Seed PUHC Bhagirathi Vihar,Standing site - no HPV sessions seen (UIP only; Oct4-28 captured),North East Delhi,110094,"B-439 Gali No.4, Indra Vihar, North East Delhi (PUHC Bhagirathi Vihar)",Via U-WIN slot booking,https://uwin.mohfw.gov.in/home,2026-10-04,
DGD Bhagirathi Vihar,Standing site - no HPV sessions seen (UIP only; Oct9-13 and Oct24-Nov2 captured),North East Delhi,110094,"H No 73, Gali No 7, F Block, Bhagirathi Vihar, North East Delhi (DGD Bhagirathi Vihar)",Via U-WIN slot booking,https://uwin.mohfw.gov.in/home,2026-10-04,
DGD Shiv Vihar Tiraha,"Standing site - HPV days (Oct9-Nov2 captured, Oct4-8 not captured; UIP and Pregnant Women also offered)",North East Delhi,110094,"Gali No-07, Bhagirathi Vihar, North East Delhi (DGD Shiv Vihar Tiraha)",Via U-WIN slot booking,https://uwin.mohfw.gov.in/home,2026-10-04,2026-10-10;2026-10-12;2026-10-13;2026-10-14;2026-10-15;2026-10-16;2026-10-17;2026-10-21;2026-10-22;2026-10-23;2026-10-24;2026-10-27;2026-10-28;2026-10-29;2026-10-31
Indresh (H-148 Gali-3 KP),"Standing site - no HPV sessions seen (UIP only; partial data, only Oct9-13 captured)",Shahdara,110094,"H-148 Gali-3, Kardam Puri, Shahdara (MCW Kardampuri PHC)",Via U-WIN slot booking,https://uwin.mohfw.gov.in/home,2026-10-04,
SPUHC Amar Colony,Standing site - HPV days (only Oct4-8 captured; HPV only Oct4),Shahdara,110094,"A-8 540 Amar Colony, Shahdara (SPUHC Amar Colony)",Via U-WIN slot booking,https://uwin.mohfw.gov.in/home,2026-10-04,2026-10-04
SPUHC Shiv Vihar Phase 2,Standing site - no HPV sessions seen (Pregnant Women and UIP only; Oct4-28 captured),North East Delhi,110094,"R-82 Shiv Vihar Phase-2, North East Delhi (PUHC Shiv Vihar Phase-2)",Via U-WIN slot booking,https://uwin.mohfw.gov.in/home,2026-10-04,
PUHC Nehru Vihar,"Standing site - no HPV sessions seen (UIP only; partial data, only Oct9-13 captured; top of row cut off)",North East Delhi,110094,"D-2 House No 177, Nehru Vihar, North East Delhi (PUHC Nehru Vihar)",Via U-WIN slot booking,https://uwin.mohfw.gov.in/home,2026-10-04,
AW.NO-115,"Standing site - no HPV sessions seen (UIP only; partial data, only Oct14-18 captured; name partly cut off)",North East Delhi,110094,"H.No-242, G.No-02, Roshan Vihar, North East Delhi (DGD Shiv Vihar Tiraha)",Via U-WIN slot booking,https://uwin.mohfw.gov.in/home,2026-10-04,
H-175 Gali-5 New KP,"Standing site - no HPV sessions seen (UIP only; partial data, only Oct14-18 captured; start of name cut off in screenshot, likely Indresh like the H-148 listing)",Shahdara,110094,"H-175 Gali-5 New Kardam, Shahdara (MCW Kardampuri PHC)",Via U-WIN slot booking,https://uwin.mohfw.gov.in/home,2026-10-04,
MCW Center Kardam Puri,"Standing site - no HPV sessions seen (UIP only; Oct14-Nov2 captured, Oct4-13 not captured; address not captured)",Shahdara,110094,"Address not fully captured in screenshot, Kardam Puri, Shahdara",Via U-WIN slot booking,https://uwin.mohfw.gov.in/home,2026-10-04,
DGHC KAPASHERA DISPENSARY,Standing site - HPV days,SOUTH WEST,110097,"DGHC KAPASHERA , SOUTH WEST, Delhi, 110097",Via U-WIN slot booking,https://uwin.mohfw.gov.in/home,2026-10-04,2026-10-05;2026-10-06;2026-10-07;2026-10-08;2026-10-14;2026-10-15;2026-10-16;2026-10-17;2026-10-19;2026-10-21;2026-10-22;2026-10-23;2026-10-24;2026-10-26;2026-10-27;2026-10-28;2026-10-29;2026-10-30;2026-10-31
